feature_TFIDF_abstract,feature_TFIDF_title,feature_time_difference,feature_overlapping_title,feature_common_author,feature_author_page_rank,feature_author_affinity,feature_journal
1.3490913116892813,1.2908074273285282,0.0,2.0,0.0,0.038646962337425594,3.0,1.0
1.3832218886085155,1.4142135623730951,1.0,1.0,0.0,0.0017999248825812117,4.0,0.0
1.4048910962607821,1.4142135623730951,-2.0,0.0,0.0,0.0009785262418465952,0.0,0.0
1.4041308373703145,1.4142135623730951,-4.0,0.0,0.0,0.003097947783466221,0.0,0.0
1.3599400164501447,1.414213562373095,-5.0,0.0,0.0,0.035531118441056206,0.0,0.0
1.1641397485027312,1.3595274364945982,0.0,0.0,0.0,0.03552494493330946,1.0,0.0
1.3348434248166015,1.4142135623730951,4.0,0.0,1.0,0.0700837106402658,0.0,0.0
1.3748761991009992,1.3597185650838164,7.0,1.0,0.0,0.03569698042252077,0.0,0.0
1.4028575019359184,1.4142135623730951,0.0,0.0,0.0,0.002223184165348009,2.0,0.0
1.364439388151996,1.4142135623730951,8.0,0.0,0.0,0.002622582362395833,0.0,0.0
1.4142135623730951,1.4142135623730951,-7.0,0.0,0.0,0.036020381561979495,0.0,0.0
1.271057072821966,1.414213562373095,0.0,0.0,0.0,0.0016395876509447487,6.0,1.0
1.406141007951939,1.414213562373095,1.0,0.0,0.0,0.0009785262418465952,0.0,0.0
1.3953101136900858,1.414213562373095,8.0,1.0,0.0,0.0004892631209232976,0.0,0.0
1.384236354427196,1.4142135623730951,6.0,0.0,0.0,0.0007338946813849464,0.0,0.0
1.4047564716255705,1.4142135623730951,-1.0,0.0,0.0,0.0009785262418465952,0.0,0.0
1.4021806037015863,1.4142135623730951,-2.0,0.0,0.0,0.0007338946813849464,0.0,0.0
1.3647950273557687,1.041663214118777,4.0,0.0,0.0,0.002926125867653756,6.0,0.0
1.364771667040834,1.4142135623730951,2.0,0.0,0.0,0.00246199465077725,12.0,0.0
1.4043316348416524,1.4142135623730951,-2.0,0.0,0.0,0.0004892631209232976,0.0,0.0
1.398974450408166,1.4142135623730951,-3.0,0.0,0.0,0.003378995980071266,0.0,0.0
1.4025927656708252,1.414213562373095,-1.0,0.0,0.0,0.001419805230831038,0.0,0.0
1.3711586557479458,1.4142135623730951,4.0,0.0,0.0,0.0027644902861683703,1.0,0.0
1.3691562874505778,1.4142135623730951,-5.0,0.0,0.0,0.03560052341582896,0.0,0.0
1.2073327493239303,1.3591681727932803,3.0,1.0,1.0,0.0015466903385164287,6.0,0.0
1.3804681825257703,1.4142135623730951,-1.0,0.0,0.0,0.035531118441056206,0.0,0.0
1.3983032107528752,1.414213562373095,0.0,0.0,0.0,0.00126807397787171,0.0,0.0
1.4101776362210279,1.4142135623730951,-4.0,0.0,0.0,0.0007338946813849464,0.0,0.0
1.3520972090535162,1.4142135623730951,2.0,0.0,1.0,0.0700837106402658,0.0,0.0
1.4142135623730951,1.4142135623730951,0.0,0.0,0.0,0.0011867411661648476,0.0,0.0
1.3793945121450861,1.242385090072305,0.0,3.0,1.0,0.003611733880975806,11.0,0.0
1.3958780910819764,1.414213562373095,2.0,0.0,0.0,0.0014677893627698928,0.0,0.0
1.4081169864503826,1.4142135623730951,2.0,0.0,0.0,0.0017130895147921773,2.0,0.0
1.2456702611361499,1.2808761314435857,8.0,1.0,0.0,0.0031564450268002347,6.0,0.0
1.3761443269798128,0.7990663294941345,2.0,1.0,0.0,0.0013619677518537454,4.0,0.0
1.3620084989020782,0.951776342166327,5.0,2.0,0.0,0.002524396433249504,2.0,0.0
1.3167953308918487,1.414213562373095,0.0,0.0,0.0,0.0038406365104952994,8.0,1.0
1.3581601404646777,1.311928920972609,3.0,1.0,0.0,0.0011867411661648476,0.0,0.0
1.329406094586074,1.3263670246891444,1.0,1.0,0.0,0.0017375216053571365,3.0,0.0
1.3468578524116652,1.4142135623730951,3.0,0.0,0.0,0.03577575000151785,3.0,0.0
1.4084334600978672,1.4142135623730951,11.0,0.0,0.0,0.002437963469705991,0.0,0.0
1.3810228412054384,1.4142135623730951,0.0,0.0,0.0,0.0007338946813849464,0.0,0.0
1.3660708445870602,1.4142135623730951,-1.0,1.0,0.0,0.0007338946813849464,0.0,1.0
1.3041115456815067,1.02299650442131,1.0,3.0,0.0,0.0035849217958685608,10.0,0.0
1.3900376378218608,1.4142135623730951,-4.0,0.0,0.0,0.0028897328591479684,0.0,0.0
1.4019279860121443,1.414213562373095,-7.0,0.0,0.0,0.03577575000151785,0.0,0.0
1.3386372892728613,1.414213562373095,-1.0,0.0,0.0,0.0004892631209232976,0.0,0.0
1.385334655457772,1.4142135623730951,2.0,0.0,0.0,0.0018478025752630012,6.0,0.0
1.336986850207181,1.414213562373095,6.0,0.0,0.0,0.0029836296177288457,4.0,0.0
1.381881277386296,1.414213562373095,-1.0,0.0,0.0,0.0009785262418465952,0.0,1.0
1.3831901250949523,1.4142135623730951,1.0,0.0,0.0,0.0018478025752630012,6.0,0.0
1.277864333324889,1.3744990301974216,3.0,1.0,0.0,0.005108888151386569,20.0,0.0
1.3603061568019506,1.4142135623730951,1.0,0.0,0.0,0.0031187996404400974,9.0,0.0
1.3538071054888485,1.4142135623730951,1.0,0.0,0.0,0.0040195638789372184,4.0,0.0
1.4066283072812449,1.4142135623730951,3.0,0.0,0.0,0.004010097343247793,0.0,0.0
1.3483512930701336,1.4142135623730951,1.0,0.0,0.0,0.002238720138453153,0.0,0.0
1.3853652412659847,1.3530902345995726,-2.0,1.0,0.0,0.036473228046759405,0.0,0.0
1.3118826331046696,1.414213562373095,3.0,0.0,0.0,0.0024292851109675682,4.0,0.0
1.4142135623730951,1.4142135623730951,11.0,0.0,0.0,0.0007338946813849464,0.0,0.0
1.371825870625437,1.2978138631713616,0.0,1.0,0.0,0.03600803454648602,2.0,0.0
1.3967768327872685,1.414213562373095,0.0,1.0,0.0,0.002337065696186299,12.0,0.0
1.3881260480022477,1.4142135623730951,4.0,0.0,3.0,0.0048964522839941085,22.0,0.0
1.3507698047759351,1.2678743034333306,5.0,2.0,0.0,0.003908012386881191,12.0,0.0
1.4069779050863447,1.414213562373095,-8.0,0.0,0.0,0.002243081883945468,0.0,0.0
1.3844643289757494,1.4142135623730951,9.0,0.0,0.0,0.0070107936420789356,4.0,0.0
1.331143338845904,1.4142135623730951,1.0,0.0,0.0,0.0355311184410562,2.0,0.0
1.3237753356518636,1.312482532808586,1.0,0.0,0.0,0.0034494254935622764,8.0,0.0
1.1937415242335008,1.327059186285978,4.0,2.0,0.0,0.0018425762265427473,9.0,0.0
1.4142135623730951,1.2257547247994223,2.0,1.0,0.0,0.0015919017318861259,4.0,0.0
1.3671965599416027,1.4142135623730951,0.0,0.0,0.0,0.0018059530770982435,6.0,0.0
1.3230831341087272,1.2323983289783749,5.0,1.0,0.0,0.0007338946813849464,0.0,0.0
1.2751918524664525,1.4142135623730951,9.0,0.0,0.0,0.0021063151306791998,8.0,0.0
1.0539275577281966,0.9415678559960148,1.0,5.0,0.0,0.03552494493330946,1.0,0.0
1.4118353501126546,1.4142135623730951,-3.0,0.0,0.0,0.0014677893627698928,0.0,1.0
1.3006263708897485,1.3711999535460926,1.0,2.0,0.0,0.004372190195895075,4.0,0.0
1.307864718885298,1.3162251920675774,0.0,1.0,0.0,0.004055068572173024,6.0,0.0
1.4126379161412483,1.3139432273861045,-8.0,1.0,0.0,0.0009785262418465952,0.0,0.0
1.3602168029688695,1.4142135623730951,2.0,0.0,0.0,0.035286486880594554,1.0,0.0
1.401231743726643,1.4142135623730951,0.0,0.0,0.0,0.0009785262418465952,0.0,0.0
1.3360699070039335,1.414213562373095,-5.0,0.0,0.0,0.0014677893627698928,0.0,0.0
1.3544204459647242,1.2545851366395184,1.0,2.0,0.0,0.005860862688233005,25.0,0.0
1.3898856340109071,1.4142135623730951,-3.0,0.0,0.0,0.03577575000151786,0.0,0.0
1.1766756829191354,1.3720637493963979,0.0,1.0,0.0,0.0016643111360807703,2.0,0.0
1.385924996555963,1.4142135623730951,-2.0,0.0,0.0,0.0009785262418465952,0.0,0.0
1.3378693208333072,1.414213562373095,1.0,0.0,0.0,0.0013949560904831,4.0,0.0
1.3835970755306664,1.4142135623730951,1.0,0.0,0.0,0.0021144485536887317,6.0,0.0
1.30549582297292,1.175325973955256,0.0,1.0,0.0,0.005776201647750091,9.0,0.0
1.369153624602934,1.414213562373095,3.0,0.0,0.0,0.00069747804524155,1.0,1.0
1.4043205502041172,1.414213562373095,-6.0,0.0,0.0,0.003709273267939321,0.0,0.0
1.2596881094025942,0.8922339271168725,1.0,3.0,0.0,0.002293081234410057,6.0,0.0
1.398364700471756,1.2930016565133604,1.0,1.0,0.0,0.003322829717194766,6.0,0.0
1.3483161379911868,1.4142135623730951,3.0,0.0,0.0,0.0022122242220879236,0.0,1.0
1.3603286898855267,1.4142135623730951,5.0,0.0,0.0,0.03689288279843862,1.0,0.0
1.3819267389285161,1.4142135623730951,5.0,0.0,0.0,0.03577575000151785,3.0,0.0
1.3862848659465963,1.414213562373095,4.0,0.0,0.0,0.03600803454648602,1.0,0.0
1.4027200991055886,1.414213562373095,3.0,0.0,0.0,0.0007338946813849464,0.0,0.0
1.2613043193231344,1.2860967584252496,1.0,2.0,0.0,0.0028730289076871617,12.0,0.0
1.4142135623730951,1.414213562373095,-2.0,0.0,0.0,0.03589374246630512,0.0,0.0
1.3940247383570235,1.4142135623730951,-1.0,0.0,0.0,0.0007338946813849464,0.0,0.0
1.3507753476597766,1.4142135623730951,8.0,0.0,0.0,0.0013949560904831,4.0,0.0
1.4142135623730951,1.4142135623730951,-1.0,0.0,0.0,0.001409302672457043,4.0,1.0
1.3749849285771845,1.3123559314318591,0.0,0.0,2.0,0.0033442290368516842,14.0,1.0
1.3173547508202186,1.4142135623730951,4.0,0.0,0.0,0.004397947800417816,3.0,0.0
1.3874754201847017,1.4142135623730951,5.0,0.0,0.0,0.0355311184410562,0.0,0.0
1.4114205695598592,1.3542834715716985,0.0,1.0,0.0,0.0007338946813849464,0.0,0.0
1.3774809179269225,1.414213562373095,2.0,0.0,0.0,0.03576290484681604,2.0,0.0
1.3522075996333833,1.2435629291202466,0.0,1.0,1.0,0.005325151480244162,2.0,1.0
1.3475913961328168,1.4142135623730951,1.0,0.0,0.0,0.03552494493330946,1.0,1.0
1.2923356882086987,1.3062001168977855,0.0,1.0,0.0,0.03703248296289003,3.0,0.0
1.3486654134695588,1.4142135623730951,4.0,1.0,0.0,0.0024010994523530334,6.0,0.0
1.4087822484985164,1.4142135623730951,-10.0,1.0,0.0,0.00069747804524155,0.0,0.0
1.2853470618804883,1.123869933309847,2.0,0.0,0.0,0.03600803454648602,2.0,0.0
1.3865070995329205,1.414213562373095,0.0,0.0,0.0,0.0007668830200143007,1.0,0.0
1.363741134350529,1.4142135623730951,-1.0,1.0,0.0,0.03620750963749873,0.0,0.0
1.34984406731102,1.314751391229665,2.0,0.0,0.0,0.00069747804524155,1.0,0.0
1.4142135623730954,1.4142135623730951,7.0,0.0,0.0,0.0009785262418465952,0.0,0.0
1.3647930768598864,1.4142135623730951,1.0,0.0,0.0,0.001223157802308244,0.0,0.0
1.2609403449760495,1.2913452951751243,2.0,1.0,0.0,0.002300649060042902,8.0,0.0
1.4142135623730951,1.4142135623730951,1.0,0.0,0.0,0.0009785262418465952,0.0,0.0
1.2344470578725626,1.4142135623730951,1.0,0.0,0.0,0.0026095289462619653,12.0,0.0
1.3505183354559613,1.32321184567451,0.0,1.0,0.0,0.004788566566505038,12.0,0.0
1.3759192313524182,1.2751192544058099,-3.0,2.0,0.0,0.001396670239240121,0.0,0.0
1.2733860814491302,1.4142135623730951,9.0,0.0,0.0,0.004063997074947694,8.0,0.0
1.3760149293091872,1.3206960053422967,5.0,1.0,0.0,0.003253753407091668,3.0,0.0
1.293225141229578,1.3581039332216804,0.0,0.0,0.0,0.0005933705830824238,1.0,0.0
1.3243074932954153,1.1675841455208844,1.0,2.0,2.0,0.0013527823928850672,6.0,0.0
1.3462604571988948,1.4142135623730951,2.0,0.0,0.0,0.03707832123499826,4.0,0.0
1.2117760029512747,1.414213562373095,6.0,0.0,0.0,0.0020924341357246496,9.0,1.0
1.4094144399906534,1.4142135623730951,-8.0,0.0,0.0,0.0007338946813849464,0.0,0.0
1.4100584884044525,1.4142135623730951,-1.0,0.0,0.0,0.001223157802308244,0.0,0.0
1.2870463672969823,1.3617406540286972,1.0,1.0,0.0,0.03611214200864515,0.0,0.0
1.4142135623730951,1.4142135623730951,1.0,1.0,0.0,0.004331241897485913,6.0,0.0
1.4107361021637332,1.4142135623730951,3.0,0.0,0.0,0.00069747804524155,1.0,0.0
1.3461148239670484,1.4142135623730951,7.0,0.0,0.0,0.000749531776321113,1.0,0.0
1.2596357835637189,1.3488780549314066,8.0,1.0,0.0,0.0009421096057031988,2.0,0.0
1.3564116555990395,1.414213562373095,2.0,0.0,1.0,0.0700837106402658,0.0,0.0
1.3891327218767195,1.4142135623730951,5.0,0.0,0.0,0.00663477158497784,12.0,0.0
1.3525626483550355,1.414213562373095,4.0,0.0,0.0,0.003064786869824506,18.0,0.0
1.4038515541602286,1.4142135623730951,-1.0,0.0,0.0,0.001223157802308244,0.0,0.0
1.1937255809047305,1.414213562373095,1.0,0.0,0.0,0.03600803454648602,2.0,0.0
1.387977630372428,1.4142135623730951,-5.0,0.0,0.0,0.0011173361913920966,0.0,0.0
1.3761992754327717,1.4142135623730951,3.0,1.0,0.0,0.0010479312166193462,3.0,0.0
1.3832870205157985,1.4142135623730951,3.0,0.0,0.0,0.035531118441056206,0.0,0.0
1.2982766168945614,1.3888599294037771,1.0,1.0,1.0,0.0027848915203529056,1.0,0.0
1.2713374914107622,1.4142135623730951,3.0,1.0,0.0,0.0016031710148013522,3.0,0.0
1.39026070672671,1.4142135623730951,-3.0,0.0,1.0,0.006268728839219234,0.0,0.0
1.4142135623730951,1.4142135623730951,-4.0,0.0,0.0,0.0004892631209232976,0.0,0.0
1.3482840779681151,1.4142135623730951,3.0,1.0,0.0,0.03577575000151785,3.0,0.0
1.2761859568087146,1.4142135623730951,1.0,0.0,1.0,0.0700837106402658,0.0,0.0
1.388810295882861,1.4142135623730951,2.0,0.0,0.0,0.03646361314241958,3.0,0.0
1.408314093738719,1.4142135623730951,-8.0,0.0,0.0,0.0009785262418465952,0.0,0.0
1.3370028999032162,1.4142135623730951,-3.0,0.0,0.0,0.03593191119475654,0.0,0.0
1.3941208508238994,1.4142135623730951,0.0,0.0,0.0,0.0027045890814882904,0.0,0.0
1.3980073914764921,1.2869530206699187,0.0,2.0,0.0,0.001801025978479614,4.0,0.0
1.3407547601659637,1.3522664016962025,1.0,0.0,1.0,0.0006215261852990403,1.0,0.0
1.4124987645299043,1.4142135623730951,5.0,0.0,0.0,0.0357013574354032,0.0,0.0
1.3812319787238279,1.2433475510766006,4.0,2.0,1.0,0.004783053969664183,9.0,0.0
1.4142135623730951,1.4142135623730951,-2.0,0.0,0.0,0.0017124209232315417,0.0,1.0
1.1925269304229593,1.4142135623730951,0.0,0.0,0.0,0.00069747804524155,1.0,0.0
1.4012739192995805,1.414213562373095,1.0,0.0,0.0,0.0021997897261018706,6.0,0.0
1.3528578608807516,1.4142135623730951,3.0,0.0,0.0,0.0028136974925053295,6.0,1.0
1.3134208661569307,1.3227580237455538,1.0,1.0,0.0,0.0013949560904831,4.0,0.0
1.4142135623730951,1.4142135623730951,-8.0,0.0,0.0,0.001223157802308244,0.0,1.0
1.391328292981095,1.414213562373095,0.0,1.0,0.0,0.0009785262418465952,0.0,0.0
1.3306315442551075,1.4142135623730951,2.0,0.0,0.0,0.0025361990723938516,6.0,1.0
1.397610161190065,1.4142135623730951,3.0,0.0,0.0,0.035286486880594554,0.0,0.0
1.397560210841551,1.4142135623730951,-1.0,0.0,0.0,0.0009785262418465952,0.0,0.0
1.3981565591215759,1.414213562373095,1.0,0.0,0.0,0.0007338946813849464,0.0,1.0
1.3947363226216447,1.4142135623730951,0.0,0.0,0.0,0.0037783044887907415,4.0,0.0
1.3676832124562746,1.2617971131169328,5.0,2.0,0.0,0.03601568975432041,2.0,0.0
1.295637850547277,1.1525476070967111,2.0,3.0,0.0,0.0016395876509447487,6.0,0.0
1.391129279798122,1.4142135623730951,1.0,0.0,0.0,0.0020398172301957273,8.0,0.0
1.3884688918172703,1.4142135623730951,1.0,0.0,0.0,0.03552494493330946,1.0,1.0
1.3904624208596819,1.4142135623730951,0.0,0.0,0.0,0.001150324530021451,2.0,0.0
1.3134443745518174,1.244695489601783,1.0,2.0,0.0,0.004085164866089916,12.0,0.0
1.2275031765787094,1.2193254259971118,1.0,2.0,0.0,0.003776301143452892,4.0,0.0
1.3817925935915443,1.4142135623730951,2.0,1.0,0.0,0.038785772286971096,3.0,0.0
1.4003290962820365,1.4142135623730951,4.0,0.0,0.0,0.0009785262418465952,0.0,0.0
1.3982848660731417,1.4142135623730951,3.0,0.0,0.0,0.03640049682568759,0.0,0.0
1.4086161271485171,1.4142135623730951,-11.0,0.0,0.0,0.0009785262418465952,0.0,0.0
1.2015651791964732,1.4142135623730951,0.0,1.0,1.0,0.0012778307192583274,2.0,0.0
1.4056701866159347,1.4142135623730951,0.0,0.0,0.0,0.0004892631209232976,0.0,0.0
1.3058140700007905,1.3001749673983842,4.0,2.0,0.0,0.03642306981507129,2.0,0.0
1.3965746428700274,1.4142135623730951,0.0,0.0,0.0,0.035286486880594554,0.0,1.0
1.2762032063488693,1.294974031164543,4.0,2.0,0.0,0.0355311184410562,2.0,0.0
1.3943137994784336,1.3760591300873721,0.0,0.0,0.0,0.0004892631209232976,0.0,0.0
1.36713014289321,1.2882592587340882,1.0,2.0,0.0,0.0030127871618055016,6.0,1.0
1.3919290226928713,1.4142135623730951,-2.0,0.0,0.0,0.001223157802308244,0.0,0.0
1.3920469774204232,1.4142135623730951,5.0,0.0,0.0,0.0008727046309304479,2.0,0.0
1.3534861281162005,1.414213562373095,3.0,0.0,0.0,0.0378138095964032,4.0,0.0
1.3713557381083121,1.414213562373095,1.0,1.0,0.0,0.0013255511157103492,4.0,1.0
1.3825827685570604,1.4142135623730954,-5.0,1.0,0.0,0.001970694400103344,0.0,0.0
1.4090488914537906,1.4142135623730951,-1.0,0.0,0.0,0.0007338946813849464,0.0,0.0
1.3977557663766993,1.4142135623730951,1.0,0.0,0.0,0.001223157802308244,0.0,0.0
1.379766335017013,1.414213562373095,-7.0,0.0,0.0,0.035286486880594554,0.0,0.0
1.4021679405946488,1.4142135623730951,4.0,0.0,0.0,0.0007338946813849464,0.0,0.0
1.352571812909114,1.4142135623730951,4.0,0.0,0.0,0.035286486880594554,1.0,0.0
1.3810965708259042,1.414213562373095,0.0,0.0,0.0,0.001223157802308244,0.0,0.0
1.3699695186466534,1.3548680167855525,3.0,1.0,0.0,0.00246164221806292,2.0,0.0
1.363880133326674,1.4142135623730951,0.0,1.0,0.0,0.0026651055144975002,6.0,0.0
1.248694182521232,1.4142135623730951,6.0,0.0,0.0,0.0013949560904831,4.0,0.0
1.3978226815464025,1.4142135623730951,8.0,0.0,0.0,0.03582780373259742,0.0,0.0
1.3772948580622706,1.4142135623730951,1.0,0.0,0.0,0.002966793574317769,2.0,0.0
1.3845597601759816,1.4142135623730951,4.0,1.0,0.0,0.0027644824704930954,6.0,1.0
1.4079898893870686,1.414213562373095,9.0,1.0,0.0,0.035531118441056206,0.0,0.0
1.4009795445385762,1.4142135623730951,-2.0,0.0,0.0,0.0017124209232315417,0.0,0.0
1.4062079593873813,1.4142135623730951,-8.0,0.0,0.0,0.0018325142564222091,0.0,0.0
1.2845860201317558,1.4142135623730951,1.0,0.0,0.0,0.002190532274445287,8.0,0.0
1.4089140533343978,1.4142135623730951,4.0,0.0,0.0,0.035286486880594554,0.0,1.0
1.3793968508500365,1.4142135623730951,-2.0,0.0,0.0,0.0011173361913920966,0.0,1.0
1.3955798700160644,1.414213562373095,8.0,0.0,0.0,0.0004892631209232976,0.0,0.0
1.3660643346076213,1.0911358242122675,1.0,0.0,0.0,0.035286486880594554,1.0,0.0
1.362513750725729,1.414213562373095,2.0,0.0,0.0,0.0034804576842012184,12.0,0.0
1.3856636662438162,1.4142135623730951,-6.0,0.0,0.0,0.035286486880594554,0.0,0.0
1.4120157192671556,1.4142135623730951,-1.0,0.0,0.0,0.03570291672923106,0.0,0.0
1.3908413745045556,1.4142135623730951,-3.0,0.0,0.0,0.0011173361913920966,0.0,0.0
1.3667681340195093,1.3485321025473114,1.0,2.0,0.0,0.003328345604665012,5.0,1.0
1.244268814008188,1.3617494907327805,4.0,1.0,0.0,0.0032684383852662436,4.0,0.0
1.404723086242995,1.4142135623730951,-1.0,0.0,0.0,0.0007338946813849464,0.0,0.0
0.8047459232527702,1.0702229728262245,0.0,3.0,4.0,0.008566973454306247,43.0,0.0
1.3775827190670944,1.4142135623730951,4.0,0.0,0.0,0.0016441490611494509,3.0,0.0
1.298241679097742,1.414213562373095,0.0,0.0,1.0,0.0700837106402658,0.0,0.0
1.4063571395675156,1.4142135623730951,-5.0,0.0,0.0,0.0015911439461725057,0.0,0.0
1.4041245452344977,1.4142135623730951,8.0,1.0,0.0,0.0004892631209232976,0.0,0.0
1.396911243708792,1.4142135623730951,11.0,0.0,0.0,0.0007338946813849464,0.0,0.0
1.4107022256626545,1.4142135623730951,-4.0,0.0,0.0,0.0030683445037386534,0.0,1.0
1.4060552085111095,1.414213562373095,-5.0,0.0,0.0,0.001223157802308244,0.0,0.0
1.4142135623730951,1.4142135623730951,-6.0,0.0,0.0,0.03641764763163291,0.0,0.0
1.3831522479307823,1.4142135623730951,1.0,1.0,0.0,0.00069747804524155,1.0,0.0
1.3999818556266552,1.414213562373095,4.0,0.0,0.0,0.0014044698149327044,0.0,0.0
1.3952435882764271,1.4142135623730951,6.0,0.0,0.0,0.001223157802308244,0.0,1.0
1.4092684919770462,1.414213562373095,-3.0,0.0,0.0,0.003378995980071266,0.0,0.0
1.2192997627173785,1.3039149502487484,4.0,1.0,0.0,0.03697421377283913,4.0,0.0
1.3814497638906147,1.4142135623730951,1.0,0.0,0.0,0.0355311184410562,0.0,0.0
1.2501496960167013,1.4142135623730951,0.0,1.0,0.0,0.001137832397993433,1.0,0.0
1.3781765799404047,1.1616094671811654,1.0,3.0,0.0,0.0017444621028344116,4.0,0.0
1.399447077294881,1.4142135623730951,-1.0,0.0,0.0,0.035712430453680666,1.0,0.0
1.297726661982483,0.8896775137708819,9.0,2.0,0.0,0.0038548397057811346,4.0,0.0
1.3173541962105366,1.4142135623730951,3.0,0.0,0.0,0.0021859981734842675,9.0,0.0
1.3788207093501021,1.3893223592498032,-6.0,2.0,0.0,0.0009785262418465952,0.0,0.0
1.3855561392711655,1.4142135623730951,-4.0,1.0,0.0,0.0009785262418465952,0.0,1.0
1.4095997658937434,1.4142135623730951,-4.0,0.0,0.0,0.035286486880594554,0.0,1.0
1.268125996199856,1.4142135623730951,6.0,0.0,0.0,0.008642025503535246,6.0,0.0
1.3914500241849697,1.4142135623730951,-9.0,0.0,0.0,0.0013627347415842825,0.0,0.0
1.4019753370711914,1.4142135623730951,-4.0,0.0,0.0,0.0009785262418465952,0.0,0.0
1.3841177278829866,1.4142135623730951,-4.0,0.0,0.0,0.0005586680956960483,0.0,0.0
1.3776249123038722,1.4142135623730951,4.0,0.0,0.0,0.03560052341582895,2.0,0.0
1.4053412265876997,1.4142135623730951,1.0,0.0,0.0,0.001223157802308244,0.0,1.0
1.4142135623730951,1.4142135623730951,-2.0,0.0,0.0,0.0012908486283239738,0.0,0.0
1.2826745333305474,1.4142135623730951,1.0,0.0,0.0,0.0014313727266264962,4.0,0.0
1.297886123001409,1.3856160671741664,1.0,1.0,0.0,0.004879694503107875,15.0,0.0
1.2204873423359492,1.414213562373095,1.0,0.0,0.0,0.0009421096057031988,2.0,1.0
1.4142135623730951,1.414213562373095,1.0,0.0,0.0,0.0007338946813849464,0.0,0.0
1.3081831501309493,1.3481145519671789,1.0,1.0,0.0,0.003139304821665037,12.0,0.0
1.276034066353539,1.414213562373095,0.0,0.0,0.0,0.0009421096057031988,2.0,0.0
1.2558386232135759,1.3260243470340873,2.0,2.0,0.0,0.03656930615751356,2.0,0.0
1.3120833152757712,1.4142135623730951,2.0,0.0,0.0,0.0044411560508715725,6.0,0.0
1.4116668037350826,1.4142135623730951,1.0,1.0,0.0,0.0010914336576428707,0.0,0.0
1.3611737195579805,1.4142135623730951,1.0,0.0,0.0,0.0034119843187006204,6.0,0.0
1.3492306428963887,1.4142135623730951,1.0,0.0,0.0,0.001958850534899402,6.0,0.0
1.3318700313923586,1.4142135623730951,0.0,1.0,0.0,0.001223157802308244,0.0,0.0
1.408181522463138,1.4142135623730951,-9.0,0.0,0.0,0.0015198430938494559,0.0,0.0
1.3400529571337454,1.3091125974286548,0.0,2.0,0.0,0.0014296585778694752,3.0,1.0
1.0932618104746559,1.1601822813205076,2.0,1.0,0.0,0.035286486880594554,1.0,0.0
1.4142135623730951,1.414213562373095,0.0,0.0,0.0,0.001499063552642226,3.0,0.0
1.4142135623730951,1.4142135623730951,7.0,0.0,0.0,0.036020381561979495,0.0,0.0
1.339522688528946,1.414213562373095,0.0,0.0,2.0,0.021158213751076092,6.0,1.0
1.326192567494952,1.0141490032016691,3.0,2.0,0.0,0.0011139078938780546,1.0,0.0
1.2672369097656089,1.4142135623730951,5.0,0.0,2.0,0.002237388513645853,10.0,0.0
1.3230519651448585,1.4142135623730951,1.0,0.0,0.0,0.0356699283906017,2.0,0.0
1.1878088046897226,0.8607427553866782,1.0,4.0,0.0,0.003907168939051257,6.0,0.0
1.4081045961775458,1.414213562373095,-7.0,0.0,0.0,0.035286486880594554,0.0,0.0
1.414213562373095,1.4142135623730951,-2.0,0.0,0.0,0.0009785262418465952,0.0,0.0
1.2827467631543739,1.0637383074804385,0.0,4.0,1.0,0.002066398317593357,4.0,1.0
1.3422311355748293,1.4142135623730951,1.0,0.0,0.0,0.0023946381205418384,9.0,0.0
1.3966135543780798,1.4142135623730951,2.0,0.0,0.0,0.001223157802308244,0.0,0.0
1.3972161448331406,1.4142135623730951,-3.0,0.0,0.0,0.0015857818275571648,0.0,0.0
1.4142135623730951,1.414213562373095,-1.0,0.0,0.0,0.0009785262418465952,0.0,0.0
1.3860927210372096,1.4142135623730951,4.0,0.0,0.0,0.0355311184410562,2.0,1.0
1.320518942896547,1.0907113072217898,1.0,4.0,0.0,0.0029929397101888986,3.0,1.0
1.403779192288802,1.4142135623730951,-4.0,0.0,0.0,0.0004892631209232976,0.0,0.0
1.3488545606809659,1.4142135623730951,6.0,0.0,1.0,0.0700837106402658,0.0,0.0
1.394333228927824,1.3166359936015486,1.0,1.0,1.0,0.0700837106402658,0.0,0.0
1.4142135623730951,1.4142135623730951,5.0,0.0,0.0,0.035286486880594554,0.0,0.0
1.3990225203408628,1.414213562373095,3.0,0.0,0.0,0.03817621973974252,4.0,0.0
1.3475889030661876,1.4142135623730951,5.0,1.0,0.0,0.003653640316332467,3.0,0.0
1.3728847170997145,1.414213562373095,-5.0,0.0,0.0,0.0017124209232315417,0.0,0.0
1.4070654218084238,1.4142135623730951,-7.0,0.0,0.0,0.0013711742589431457,0.0,0.0
1.277623003343329,1.4142135623730951,2.0,0.0,0.0,0.001975093112616122,6.0,0.0
1.2689484380662386,1.2954564695271409,1.0,1.0,0.0,0.03600803454648602,1.0,0.0
1.3774049505724997,1.4142135623730951,4.0,0.0,0.0,0.003378995980071266,0.0,0.0
1.385433151692367,1.4142135623730951,7.0,0.0,0.0,0.0355311184410562,0.0,0.0
1.2909065890257463,1.3439036712207,0.0,3.0,0.0,0.0005933705830824238,1.0,0.0
1.3689915704903062,1.3411883145940036,0.0,1.0,0.0,0.038646962337425594,3.0,0.0
1.410918727017764,1.4142135623730951,-5.0,0.0,0.0,0.0026451012986863196,0.0,0.0
1.4093841911719363,1.4142135623730951,2.0,0.0,0.0,0.035286486880594554,1.0,0.0
1.3130162292980707,1.4142135623730951,2.0,2.0,0.0,0.0355311184410562,2.0,0.0
1.3847229463998425,1.4142135623730951,4.0,0.0,0.0,0.005333869836600698,0.0,0.0
1.4050626947226283,1.4142135623730951,-5.0,0.0,0.0,0.0021132136769318795,0.0,0.0
1.3943003513791354,1.4142135623730951,1.0,0.0,0.0,0.0013255511157103492,4.0,0.0
1.4009249592335367,1.414213562373095,1.0,0.0,0.0,0.0022016840441548393,0.0,0.0
1.3881795385585871,1.4142135623730951,-4.0,0.0,0.0,0.035286486880594554,0.0,0.0
1.2071599029746123,1.1677830070766542,2.0,2.0,0.0,0.0008231218084806475,1.0,1.0
1.398086136619547,1.4142135623730951,1.0,0.0,0.0,0.0018988462775346758,4.0,0.0
1.392334647519256,1.414213562373095,2.0,0.0,0.0,0.03601420805423276,0.0,1.0
1.3933486122838628,1.254596062082753,3.0,1.0,0.0,0.0013585394543397034,2.0,0.0
1.4142135623730951,1.4142135623730951,2.0,0.0,0.0,0.0018113859391196046,0.0,1.0
1.4014858376439723,1.4142135623730951,-1.0,0.0,0.0,0.0010356736434628169,0.0,0.0
1.403521835545738,1.4142135623730951,7.0,1.0,0.0,0.00069747804524155,1.0,0.0
1.2424609398924031,1.3607401998651854,1.0,1.0,0.0,0.0016725759895741031,4.0,1.0
1.4106592138340706,1.414213562373095,-4.0,0.0,0.0,0.001223157802308244,0.0,1.0
1.3909221913456862,1.414213562373095,-2.0,0.0,0.0,0.001809368234507991,0.0,0.0
1.4142135623730951,1.4142135623730951,-1.0,0.0,0.0,0.03577575000151785,0.0,0.0
1.3733177171373219,1.3711806581174397,3.0,0.0,1.0,0.0700837106402658,0.0,1.0
1.3039718650514565,1.2501705601484063,2.0,2.0,1.0,0.008060439052442553,8.0,0.0
1.3771854035020468,1.3214771378719539,1.0,0.0,0.0,0.002469938723415008,3.0,0.0
1.414213562373095,1.4142135623730951,1.0,0.0,0.0,0.0004892631209232976,0.0,0.0
1.2226300465222784,1.4142135623730951,0.0,0.0,0.0,0.0012908486283239736,3.0,0.0
1.3172826905509902,1.3123109287867232,3.0,1.0,0.0,0.0017330622463674191,3.0,1.0
1.4066790086609706,1.4142135623730951,8.0,0.0,0.0,0.0355311184410562,0.0,0.0
1.3986084890149164,1.4142135623730951,1.0,0.0,0.0,0.035286486880594554,0.0,1.0
1.4086475169610908,1.4142135623730951,1.0,0.0,0.0,0.0010505848798832654,0.0,0.0
1.398393856491322,1.4142135623730951,-1.0,0.0,0.0,0.0009785262418465952,0.0,0.0
1.3614472931904282,1.4142135623730951,2.0,0.0,0.0,0.00283123411855449,9.0,0.0
1.3986796800640608,1.414213562373095,-1.0,1.0,1.0,0.00666234269156286,0.0,0.0
1.3551018128899874,1.4142135623730951,3.0,0.0,0.0,0.0016725759895741031,4.0,0.0
1.3894565138564137,1.414213562373095,3.0,0.0,1.0,0.0700837106402658,0.0,0.0
1.272403708093348,1.4142135623730951,2.0,0.0,0.0,0.0018842192114063975,8.0,1.0
1.3447910865858954,1.4142135623730951,1.0,0.0,0.0,0.036491124159662575,3.0,0.0
1.344602591958741,1.4142135623730951,0.0,0.0,0.0,0.03771757204141351,10.0,0.0
1.3255603634697442,1.4142135623730951,-4.0,0.0,0.0,0.0009785262418465952,0.0,0.0
1.378919277529262,1.4142135623730951,3.0,0.0,0.0,0.0355311184410562,2.0,0.0
1.4023742005430977,1.4142135623730951,-11.0,0.0,0.0,0.004162994541768847,1.0,1.0
1.3667657839091703,1.4142135623730951,0.0,0.0,0.0,0.03552494493330946,1.0,0.0
1.356520641233599,1.414213562373095,-2.0,0.0,0.0,0.03611214200864515,0.0,1.0
1.311743540749236,1.4142135623730951,2.0,0.0,0.0,0.0024249130761183017,9.0,0.0
1.4142135623730951,1.4142135623730951,-6.0,0.0,0.0,0.0007338946813849464,0.0,0.0
1.3587179044779352,1.4142135623730951,3.0,0.0,0.0,0.0020826138079700113,8.0,0.0
1.3922475785056143,1.3684842341026453,5.0,0.0,0.0,0.036608470555383896,1.0,0.0
1.291553742837677,1.4142135623730951,2.0,0.0,0.0,0.0014313727266264962,4.0,1.0
1.3069567817941241,1.4142135623730951,2.0,0.0,0.0,0.0355311184410562,2.0,0.0
1.4014499644813048,1.4142135623730951,2.0,0.0,0.0,0.0016864569845286533,0.0,0.0
1.4021643576934322,1.4142135623730951,2.0,0.0,0.0,0.035531118441056206,0.0,0.0
1.4088240939187011,1.4142135623730951,-8.0,0.0,0.0,0.0007338946813849464,0.0,0.0
1.3783777463672275,1.4142135623730951,2.0,0.0,0.0,0.0024872205295684083,6.0,0.0
1.3557339323257038,1.4142135623730951,1.0,0.0,0.0,0.0012908486283239738,4.0,0.0
1.3731040579170728,1.4142135623730951,-6.0,0.0,0.0,0.0014677893627698928,0.0,0.0
1.414213562373095,1.414213562373095,-1.0,0.0,0.0,0.0012908486283239738,0.0,0.0
1.3983048992275302,1.4142135623730951,-1.0,0.0,0.0,0.03589374246630512,0.0,0.0
1.4034617740805269,1.4142135623730951,0.0,0.0,0.0,0.0014677893627698928,0.0,0.0
1.3858017818839898,1.4142135623730951,-1.0,0.0,0.0,0.0014313727266264964,0.0,0.0
1.265812746361095,1.414213562373095,3.0,0.0,0.0,0.03577575000151785,3.0,0.0
1.2523615363694194,1.414213562373095,1.0,0.0,0.0,0.002469938723415008,3.0,0.0
1.3780582986584442,1.3450412171965245,2.0,2.0,0.0,0.001223157802308244,0.0,1.0
1.4118846966174323,1.4142135623730951,9.0,0.0,0.0,0.00069747804524155,1.0,1.0
0.8765258196984727,1.3257404822496366,1.0,2.0,0.0,0.001932618632931355,4.0,0.0
1.393102562852432,1.4142135623730951,3.0,0.0,1.0,0.0700837106402658,0.0,0.0
1.4076925689362134,1.414213562373095,-4.0,1.0,0.0,0.0014677893627698928,0.0,0.0
1.3958476434103007,1.4142135623730951,-2.0,0.0,0.0,0.0004892631209232976,0.0,1.0
1.2990237443791268,1.1804439837300156,6.0,2.0,0.0,0.004528682437344095,4.0,0.0
1.3585431330142907,1.1598858078080005,7.0,3.0,0.0,0.0016031710148013522,3.0,0.0
1.4055890570036336,1.4142135623730951,9.0,0.0,0.0,0.0007338946813849464,0.0,0.0
1.4068404631431983,1.4142135623730951,-7.0,0.0,0.0,0.0018661416676437246,0.0,0.0
1.2746857649695238,1.4142135623730951,2.0,0.0,0.0,0.0033948502598440825,25.0,0.0
1.40076166585809,1.4142135623730951,1.0,0.0,0.0,0.0016065993123153943,0.0,0.0
1.3844076973859878,1.4142135623730951,1.0,0.0,0.0,0.0355311184410562,2.0,0.0
1.391542987411946,1.4142135623730951,0.0,0.0,0.0,0.0012863892693342565,0.0,0.0
1.3194338859189951,1.291318934324814,2.0,1.0,0.0,0.0012561461409375983,4.0,0.0
1.3766588111115134,1.4142135623730951,3.0,0.0,0.0,0.0018478025752630012,6.0,0.0
1.3403322760248335,1.414213562373095,1.0,0.0,0.0,0.0355311184410562,2.0,0.0
1.2832222670163553,1.272132932569351,1.0,2.0,1.0,0.006600484705412699,15.0,0.0
1.3794056276379165,1.4142135623730951,2.0,0.0,0.0,0.037686956618819226,2.0,0.0
1.4127040033045952,1.388700854158413,-3.0,0.0,0.0,0.000972352734099857,0.0,0.0
1.4142135623730951,1.4142135623730951,2.0,0.0,0.0,0.0004892631209232976,0.0,0.0
1.3654800611226559,1.414213562373095,2.0,0.0,0.0,0.001570182676171998,0.0,0.0
1.3893905014944006,1.4142135623730951,4.0,1.0,0.0,0.0021998058561596943,0.0,0.0
0.812434987295363,1.1727293570324653,1.0,2.0,3.0,0.004041796043577485,15.0,1.0
1.3386455095858811,1.2537058883662766,2.0,2.0,0.0,0.003692652101141682,9.0,1.0
1.371121159032112,1.3303343125025986,-7.0,1.0,0.0,0.0014677893627698928,0.0,0.0
1.3169746612106943,1.229597051391273,0.0,2.0,0.0,0.0031123097206408913,4.0,0.0
1.294950501526198,1.414213562373095,2.0,0.0,0.0,0.0009421096057031988,2.0,0.0
1.40257088179098,1.4142135623730951,-1.0,0.0,0.0,0.001341150267095516,0.0,0.0
1.2908841857877038,1.4142135623730951,0.0,0.0,0.0,0.002175720105451951,8.0,0.0
1.3554613832933406,1.414213562373095,0.0,0.0,0.0,0.0014946041936525086,3.0,1.0
1.403590171035865,1.4142135623730951,2.0,0.0,0.0,0.03577575000151785,0.0,1.0
1.3684941007901978,1.074101914295035,1.0,2.0,1.0,0.0035047459804456614,12.0,1.0
1.4066999834231626,1.3232163299730892,-5.0,1.0,0.0,0.035531118441056206,0.0,0.0
1.3537629593816296,1.3437833340390573,4.0,1.0,0.0,0.03552494493330946,1.0,0.0
0.9866256583956335,1.2410313733767004,0.0,3.0,0.0,0.002482959167344318,9.0,0.0
1.2287571802716795,0.735337136308199,0.0,3.0,0.0,0.00069747804524155,1.0,0.0
1.3975167490048503,1.4142135623730951,1.0,0.0,0.0,0.004112890661456212,0.0,0.0
1.3996929145926607,1.414213562373095,-5.0,0.0,1.0,0.0700837106402658,0.0,0.0
1.3887323432369527,1.414213562373095,-9.0,0.0,0.0,0.00159566364965042,0.0,0.0
1.4142135623730951,1.4142135623730951,2.0,1.0,0.0,0.003134364419609617,0.0,1.0
1.4099448337192202,1.4142135623730951,-3.0,0.0,0.0,0.0013630545662929355,0.0,0.0
1.381113782268947,1.4142135623730951,-3.0,0.0,0.0,0.0007338946813849464,0.0,0.0
1.4142135623730951,1.414213562373095,4.0,0.0,0.0,0.0007338946813849464,0.0,0.0
1.4080950685572753,1.4142135623730951,-3.0,0.0,0.0,0.0013541304654002121,0.0,1.0
1.4048831159609618,1.4142135623730951,-1.0,0.0,0.0,0.035286486880594554,0.0,0.0
1.397900611886527,1.4142135623730951,0.0,0.0,0.0,0.006144148152164086,0.0,0.0
1.3485363735183167,1.4142135623730951,-1.0,0.0,0.0,0.03577575000151786,0.0,0.0
1.3840072605963558,1.414213562373095,3.0,0.0,0.0,0.0004892631209232976,0.0,0.0
1.3704672965702196,1.3423304616654548,1.0,1.0,0.0,0.035286486880594554,1.0,0.0
1.35184160098887,1.414213562373095,4.0,0.0,0.0,0.005189743846442249,6.0,0.0
1.414213562373095,1.414213562373095,4.0,0.0,0.0,0.0024060402031847363,0.0,0.0
1.400477816295561,1.4142135623730951,9.0,0.0,0.0,0.003134364419609617,0.0,1.0
1.4076182927671301,1.414213562373095,1.0,0.0,0.0,0.035286486880594554,0.0,0.0
1.094632218252252,1.271191970379728,2.0,1.0,1.0,0.003064171696733693,8.0,0.0
1.3934901154941521,1.4142135623730951,-1.0,0.0,0.0,0.0009785262418465952,0.0,0.0
1.3777599922167494,1.4142135623730951,4.0,0.0,0.0,0.03591455995106335,3.0,0.0
1.4082970553729508,1.4142135623730951,-2.0,0.0,0.0,0.035286486880594554,0.0,0.0
1.4142135623730951,1.4142135623730951,7.0,0.0,0.0,0.0009785262418465952,0.0,0.0
1.3326191334258972,1.2584306504880725,4.0,1.0,1.0,0.002066398317593357,4.0,0.0
1.3759453756115407,1.414213562373095,3.0,0.0,0.0,0.0012561461409375983,4.0,0.0
1.3994314056176462,1.4142135623730951,3.0,0.0,0.0,0.004607753879213148,0.0,0.0
1.3897892058904684,1.4142135623730951,-3.0,0.0,0.0,0.0355311184410562,0.0,0.0
1.39849784072404,1.414213562373095,-4.0,1.0,0.0,0.0047315290745543895,0.0,1.0
1.2824994445852342,1.1479932038023524,5.0,0.0,0.0,0.0355311184410562,2.0,0.0
1.3833987305777369,1.3538742674236732,9.0,1.0,0.0,0.0018842192114063975,8.0,0.0
1.3744299761006333,1.414213562373095,0.0,0.0,0.0,0.002061243848301507,4.0,0.0
1.3673978026572384,1.4142135623730951,2.0,0.0,0.0,0.0355311184410562,2.0,0.0
1.3464377260746967,1.4142135623730951,1.0,0.0,0.0,0.0017540947379703483,3.0,0.0
1.3600974845758775,1.4142135623730951,1.0,0.0,0.0,0.0035006379276442965,4.0,0.0
1.3683832151901085,1.414213562373095,1.0,1.0,0.0,0.004945089333595231,12.0,0.0
1.3481492794299774,1.414213562373095,3.0,0.0,0.0,0.002865061687533939,0.0,0.0
1.3471062182605387,1.4142135623730951,2.0,1.0,0.0,0.0018885870234273375,6.0,0.0
1.3613224434261126,1.367912089722468,0.0,1.0,0.0,0.001853028923983255,3.0,1.0
1.3955299430570138,1.4142135623730951,2.0,0.0,0.0,0.0017124209232315417,0.0,0.0
1.3785145544276118,1.4142135623730951,1.0,0.0,0.0,0.002337065696186299,12.0,0.0
1.3994965639922994,1.4142135623730951,-1.0,0.0,0.0,0.001223157802308244,0.0,1.0
1.2991972910329288,1.3656131494271433,1.0,0.0,0.0,0.0014674332794437014,3.0,1.0
1.326609075760075,1.4142135623730951,0.0,0.0,0.0,0.005316897874908588,12.0,0.0
1.305322779629985,1.1936106356404366,3.0,2.0,0.0,0.002831045974820435,9.0,0.0
1.3228296199751413,1.414213562373095,2.0,0.0,0.0,0.0015754090248922515,3.0,0.0
1.414213562373095,1.4142135623730951,1.0,0.0,0.0,0.0013933967966552414,0.0,1.0
1.3750405358322015,1.4142135623730951,4.0,0.0,0.0,0.0035037570875783974,10.0,0.0
1.4117608871765353,1.4142135623730951,1.0,0.0,0.0,0.03552494493330946,1.0,1.0
1.3692044268666703,1.414213562373095,3.0,1.0,0.0,0.036099380697493445,2.0,0.0
1.2483903014986588,1.0321606100163048,0.0,2.0,1.0,0.005231434140828728,8.0,1.0
1.4080108539693923,1.4142135623730951,1.0,0.0,0.0,0.0007338946813849464,0.0,0.0
1.3913686723782939,1.4142135623730951,-1.0,0.0,1.0,0.0700837106402658,0.0,0.0
1.3937542613307154,1.369211068645366,0.0,1.0,0.0,0.00132726526446737,0.0,0.0
1.4049780329773867,1.414213562373095,0.0,0.0,0.0,0.0021187300929026215,6.0,0.0
1.325828708807934,1.3283950721651703,6.0,1.0,0.0,0.035286486880594554,0.0,0.0
1.4013982979625188,1.4142135623730951,-1.0,0.0,0.0,0.0038682591009945636,0.0,1.0
1.3777909858701003,1.4142135623730951,-6.0,0.0,0.0,0.005175798059049422,0.0,0.0
1.414213562373095,1.4142135623730951,0.0,0.0,0.0,0.003134364419609617,0.0,0.0
1.3939606374698386,1.414213562373095,3.0,0.0,0.0,0.035286486880594554,1.0,0.0
1.4040222322871856,1.4142135623730951,-2.0,0.0,0.0,0.0009785262418465952,0.0,0.0
1.2738449055812853,1.2299024755367334,1.0,1.0,0.0,0.00069747804524155,1.0,0.0
1.4052177834623272,1.4142135623730951,3.0,0.0,0.0,0.035977420326935565,1.0,0.0
1.3739938167766477,1.4142135623730951,0.0,0.0,0.0,0.0020335373553530527,9.0,0.0
1.414213562373095,1.414213562373095,3.0,0.0,0.0,0.0009785262418465952,0.0,0.0
1.4142135623730951,1.414213562373095,-4.0,0.0,0.0,0.0016329728051322863,0.0,0.0
1.3524036450853274,1.4142135623730951,2.0,0.0,0.0,0.00069747804524155,1.0,1.0
1.3164056535562307,1.414213562373095,2.0,0.0,0.0,0.03600803454648602,2.0,0.0
1.3977715805287805,1.4142135623730951,-1.0,0.0,0.0,0.03576290484681604,2.0,0.0
1.3694013464851507,1.3567107890257228,-7.0,2.0,0.0,0.03826248352448781,0.0,0.0
1.2998448688407827,1.4142135623730951,3.0,0.0,0.0,0.0012700271358921484,4.0,0.0
1.4080320172101495,1.4142135623730951,3.0,0.0,0.0,0.035286486880594554,0.0,0.0
1.3935654362184142,1.4142135623730951,7.0,0.0,0.0,0.035286486880594554,0.0,0.0
1.396039696892211,1.4142135623730951,-1.0,0.0,0.0,0.0017880138706604341,0.0,0.0
1.2851174044432978,1.288724478836958,3.0,1.0,0.0,0.036045482244105094,2.0,0.0
1.4046279103183676,1.4142135623730951,1.0,0.0,0.0,0.03602038156197951,0.0,0.0
1.384844969605155,1.4142135623730951,-2.0,0.0,0.0,0.003623627540532915,0.0,0.0
1.3978193930991025,0.7143012416109881,3.0,3.0,0.0,0.0009421096057031988,2.0,0.0
1.3450599356586863,1.155140821717869,3.0,3.0,0.0,0.007112692825477123,6.0,1.0
1.3550820916707063,1.249386921187875,0.0,1.0,0.0,0.0024130686842761683,6.0,0.0
1.3640359990170499,1.2348517917731825,0.0,2.0,0.0,0.0009421096057031988,2.0,1.0
1.4081859235389285,1.4142135623730951,5.0,0.0,0.0,0.0009421096057031988,2.0,0.0
1.3690900539519775,1.4142135623730951,4.0,0.0,0.0,0.0355311184410562,0.0,0.0
1.3058600782332976,1.4142135623730951,0.0,1.0,0.0,0.03552494493330946,1.0,1.0
1.2560176347174168,1.1134901567419992,3.0,3.0,0.0,0.0036913183665486446,8.0,1.0
1.197907663855141,1.4142135623730951,0.0,0.0,2.0,0.0017037742923444368,6.0,1.0
1.3313610058592167,1.4142135623730951,1.0,1.0,0.0,0.0015144202406690412,2.0,1.0
1.2968746662687676,0.8045501150352811,0.0,4.0,0.0,0.002337065696186299,12.0,0.0
1.4017441027110555,1.4142135623730951,-1.0,0.0,0.0,0.003134364419609617,0.0,0.0
1.4090279612254086,1.4142135623730951,0.0,0.0,0.0,0.001223157802308244,0.0,0.0
1.4026901000190422,1.4142135623730951,0.0,0.0,0.0,0.004381191737381901,0.0,1.0
1.4022126465398277,1.4142135623730951,-3.0,0.0,0.0,0.001047931216619346,0.0,0.0
1.3695198593307685,1.4142135623730951,0.0,0.0,0.0,0.001046217067862325,2.0,0.0
1.367991373180843,1.4142135623730951,6.0,0.0,0.0,0.0030525550593408853,8.0,0.0
1.412628502883802,1.091045975081995,-5.0,1.0,0.0,0.036242564961744876,0.0,0.0
1.40333050175888,1.4142135623730951,5.0,0.0,0.0,0.003507124210218594,10.0,0.0
1.3145666203860384,1.3521471372520983,2.0,1.0,0.0,0.03600803454648602,2.0,0.0
1.3729492645402062,1.4142135623730951,-5.0,0.0,0.0,0.0017124209232315417,0.0,1.0
1.3520144217144199,1.414213562373095,0.0,0.0,2.0,0.005569783040705811,6.0,0.0
1.3388534262254708,1.4142135623730951,2.0,0.0,0.0,0.002694530695718323,3.0,0.0
1.4084690193210676,1.4142135623730951,2.0,0.0,0.0,0.003623627540532915,0.0,1.0
1.3628843563786015,1.4142135623730951,4.0,0.0,0.0,0.03723518722937724,5.0,0.0
1.2848593057586266,1.3702639539186732,3.0,0.0,0.0,0.03690755400829908,3.0,0.0
1.4142135623730951,1.4142135623730951,4.0,0.0,0.0,0.0023311890216546312,0.0,1.0
1.3283872520363567,1.4142135623730951,0.0,0.0,0.0,0.005093408917104492,10.0,1.0
1.288269476567081,1.1657913842907395,1.0,1.0,0.0,0.0018842192114063975,8.0,1.0
1.2527761140595752,1.414213562373095,0.0,0.0,1.0,0.0037753811104888836,20.0,0.0
1.2645918318716247,1.4142135623730951,7.0,1.0,0.0,0.0020560174995812534,4.0,0.0
1.19403129064432,1.3238329429245352,1.0,2.0,1.0,0.0700837106402658,0.0,0.0
1.3069176546927979,1.414213562373095,1.0,0.0,0.0,0.036020381561979495,4.0,0.0
1.4085275747561758,1.4142135623730951,7.0,0.0,1.0,0.0700837106402658,0.0,0.0
1.405705203286843,1.4142135623730951,-1.0,0.0,0.0,0.0007338946813849464,0.0,0.0
1.3696914922969918,1.4142135623730951,-5.0,0.0,0.0,0.0007338946813849464,0.0,0.0
1.3377118385247175,1.3050538556805742,1.0,1.0,0.0,0.001150324530021451,2.0,1.0
1.326976742017741,1.3558465822133394,9.0,1.0,0.0,0.002943716482813069,2.0,0.0
1.3710390466825,1.4142135623730951,0.0,0.0,0.0,0.002264778701727542,6.0,0.0
1.406396706165905,1.414213562373095,1.0,0.0,0.0,0.0008727046309304479,0.0,0.0
1.3223179614231408,1.4142135623730951,4.0,0.0,0.0,0.004381356092585033,25.0,0.0
1.4002754739430336,1.414213562373095,3.0,0.0,0.0,0.0014313727266264964,0.0,0.0
1.3498784512349582,1.3103261707906193,1.0,1.0,1.0,0.002066398317593357,4.0,0.0
1.3487821289211028,1.4142135623730951,-5.0,0.0,0.0,0.03598225077707908,0.0,0.0
1.3683987034559437,1.414213562373095,6.0,0.0,0.0,0.0030285428086934698,3.0,0.0
1.3865398927961918,1.4142135623730951,-2.0,0.0,0.0,0.03602038156197951,0.0,0.0
1.1801637635761766,1.1691130575126147,0.0,2.0,0.0,0.0018478025752630012,6.0,1.0
1.3937053266246175,1.4142135623730951,3.0,0.0,0.0,0.0013949560904831,4.0,0.0
1.3417966124165785,1.414213562373095,4.0,0.0,0.0,0.0020988347855389316,4.0,0.0
1.182079802150601,1.1338858227946151,0.0,3.0,0.0,0.0017228736206720495,6.0,0.0
1.3804520322505396,1.4142135623730951,6.0,0.0,0.0,0.035286486880594554,1.0,0.0
1.2648598612839814,1.2745820514062975,1.0,2.0,0.0,0.0009421096057031988,2.0,0.0
1.301671587581574,1.4142135623730951,2.0,0.0,0.0,0.005744648056303175,10.0,0.0
1.3559575060154043,1.4142135623730951,0.0,0.0,0.0,0.0021781371322413807,8.0,0.0
1.2988932422414137,1.1894580145343667,0.0,1.0,0.0,0.0009785262418465952,0.0,0.0
1.4107865800600545,1.4142135623730951,8.0,0.0,0.0,0.036020381561979495,0.0,0.0
1.3384037369426356,0.7429134525462828,1.0,3.0,0.0,0.002570676637313832,8.0,1.0
1.4142135623730951,1.414213562373095,2.0,0.0,0.0,0.0016338571226755523,0.0,0.0
1.3863441428201815,1.4142135623730951,0.0,0.0,0.0,0.035286486880594554,0.0,1.0
1.41024482328024,1.414213562373095,-3.0,1.0,0.0,0.001223157802308244,0.0,0.0
1.3695571685685348,1.4142135623730951,0.0,1.0,0.0,0.0015564274900062573,4.0,0.0
1.3912097563489587,1.4142135623730951,0.0,1.0,0.0,0.002300649060042902,8.0,0.0
1.3595181810664334,1.414213562373095,-7.0,0.0,0.0,0.0007338946813849464,0.0,0.0
1.3731132941985273,1.414213562373095,2.0,0.0,1.0,0.0700837106402658,0.0,1.0
1.3899499052847404,1.414213562373095,-6.0,0.0,0.0,0.03601420805423276,0.0,0.0
1.319511438757446,1.1351375992045278,1.0,3.0,0.0,0.0023207762229787232,6.0,0.0
1.3969103620839962,1.414213562373095,1.0,0.0,0.0,0.0004892631209232976,0.0,0.0
1.3095184972165057,1.4142135623730951,1.0,0.0,2.0,0.010324722991521271,8.0,0.0
1.372449287199275,1.4142135623730951,-6.0,0.0,0.0,0.035286486880594554,0.0,0.0
1.3480470482211808,1.1232711098225148,2.0,4.0,0.0,0.0009421096057031988,2.0,0.0
1.2953896246545802,1.376904281098046,1.0,1.0,2.0,0.005569783040705811,6.0,1.0
1.410324220424534,1.4142135623730951,-2.0,0.0,0.0,0.03577575000151786,0.0,0.0
1.3689650231821073,1.4142135623730951,0.0,0.0,0.0,0.0021263404415613994,0.0,0.0
1.3820395240696375,1.414213562373095,1.0,1.0,0.0,0.002543695658237485,6.0,0.0
1.3435757722797486,1.4142135623730951,1.0,0.0,0.0,0.03711675108965619,4.0,0.0
1.3914725717463532,1.4142135623730951,4.0,0.0,0.0,0.0355311184410562,0.0,1.0
1.3268952064311599,1.2314444054525793,5.0,1.0,0.0,0.001418539409230205,3.0,0.0
1.3566372398630664,1.3417920453212286,2.0,2.0,0.0,0.0040918394530849314,2.0,0.0
1.4142135623730951,1.4142135623730951,-6.0,0.0,0.0,0.0027590607365279496,0.0,0.0
1.3550191415284722,1.414213562373095,-1.0,0.0,0.0,0.0007338946813849464,0.0,0.0
1.4046849516986943,1.4142135623730951,0.0,0.0,0.0,0.0007338946813849464,0.0,0.0
1.4121126427670472,1.3202691420577595,-2.0,1.0,0.0,0.001223157802308244,0.0,0.0
1.2950087178319623,1.1944884484356038,0.0,2.0,0.0,0.004271649088108168,12.0,1.0
1.1776501233673307,1.078387781630541,4.0,2.0,0.0,0.0031006955293606305,2.0,0.0
1.3892386045707246,1.414213562373095,6.0,0.0,1.0,0.005862566350646854,8.0,1.0
1.3176207653792404,1.4142135623730951,0.0,0.0,0.0,0.001150324530021451,2.0,0.0
1.1220440537117957,1.4142135623730951,1.0,0.0,1.0,0.0700837106402658,0.0,0.0
1.2874738682676172,1.2340320822599715,1.0,1.0,0.0,0.0015701826761719976,4.0,0.0
1.3987482188811033,1.414213562373095,-4.0,0.0,0.0,0.0014313727266264964,0.0,0.0
1.3843191314215084,1.3179662418383293,4.0,0.0,0.0,0.0019866125248085027,6.0,1.0
1.4033383166233702,1.4142135623730951,-8.0,0.0,0.0,0.00416192070797631,0.0,0.0
1.4095052049484458,1.3564630079511224,0.0,0.0,0.0,0.001223157802308244,0.0,1.0
1.150713629734215,1.182045683310381,0.0,1.0,0.0,0.003076406462598992,8.0,1.0
1.2206790519719006,1.316147726980846,0.0,1.0,0.0,0.0016118256610356484,4.0,1.0
1.2888353116578242,1.1351536945530716,1.0,2.0,0.0,0.005507346049325621,12.0,0.0
1.3782892893748122,1.414213562373095,1.0,1.0,0.0,0.00532333677604337,18.0,0.0
1.3613680232609324,1.3224294918553112,0.0,1.0,0.0,0.03577575000151785,3.0,0.0
1.3861466598083632,1.414213562373095,6.0,0.0,0.0,0.0011867411661648473,3.0,0.0
1.4142135623730951,1.4142135623730951,-5.0,0.0,0.0,0.035531118441056206,0.0,0.0
1.2422158838069006,1.4142135623730951,2.0,1.0,0.0,0.036045482244105094,2.0,0.0
1.303919694577188,1.4142135623730951,1.0,0.0,2.0,0.008110043000597068,8.0,0.0
1.297756184590768,1.0339127894396631,1.0,2.0,0.0,0.004252640125508612,5.0,0.0
1.367013596143086,1.2652202898677718,2.0,1.0,0.0,0.0016395876509447487,6.0,1.0
1.3809089522923101,1.3588730853284212,1.0,1.0,0.0,0.0355311184410562,2.0,1.0
1.4119789696560925,1.4142135623730951,-5.0,0.0,0.0,0.001223157802308244,0.0,0.0
1.2971244582753787,1.414213562373095,5.0,0.0,0.0,0.03745730338601569,5.0,0.0
1.3737073925446321,1.414213562373095,-2.0,0.0,0.0,0.0021995054169910806,0.0,1.0
1.3575655062056344,1.4142135623730951,0.0,0.0,0.0,0.0013123685012848888,3.0,0.0
1.3591208169344022,1.3559272526255415,0.0,1.0,0.0,0.036647285352901265,3.0,1.0
1.4055016579902708,1.414213562373095,0.0,0.0,0.0,0.0032998727910708474,0.0,1.0
1.3934104812792898,1.4142135623730951,0.0,1.0,0.0,0.0035197525799462526,0.0,0.0
1.4142135623730951,1.414213562373095,-6.0,0.0,0.0,0.001825991972580096,0.0,1.0
1.4142135623730951,1.4142135623730951,-5.0,0.0,0.0,0.0355311184410562,0.0,0.0
1.3529645432569526,1.4142135623730951,2.0,1.0,0.0,0.006007486366818082,14.0,0.0
1.3087832344892982,1.4142135623730951,2.0,0.0,0.0,0.0033185732815554253,9.0,1.0
1.3927036381251126,1.4142135623730951,1.0,0.0,0.0,0.035286486880594554,0.0,1.0
1.32717730334255,1.3203247995279397,5.0,1.0,0.0,0.0052763186275404834,18.0,0.0
1.3868641114135565,1.4142135623730951,2.0,0.0,0.0,0.001223157802308244,0.0,1.0
1.3920554733449233,1.4142135623730951,5.0,0.0,0.0,0.035286486880594554,1.0,0.0
1.4142135623730951,1.4142135623730951,3.0,0.0,0.0,0.035286486880594554,0.0,1.0
1.3065554951528828,1.414213562373095,0.0,0.0,0.0,0.002302363208799923,10.0,0.0
1.2957324891042075,1.2056652551020912,8.0,2.0,0.0,0.0024441369774527294,0.0,0.0
1.375396700251624,1.414213562373095,0.0,0.0,0.0,0.03590672266460982,2.0,0.0
1.3600929260415122,1.4142135623730951,0.0,0.0,0.0,0.0032592933742005684,4.0,0.0
1.3816898639422242,1.4142135623730951,4.0,0.0,0.0,0.0355311184410562,0.0,0.0
1.3628101455488317,1.3480319665435203,1.0,1.0,0.0,0.0368936308005592,4.0,0.0
1.3867126080315688,1.4142135623730951,7.0,0.0,0.0,0.0004892631209232976,0.0,0.0
1.4142135623730951,1.4142135623730951,3.0,0.0,0.0,0.003623627540532915,0.0,0.0
1.3922518363166307,1.4142135623730951,-7.0,0.0,0.0,0.0009785262418465952,0.0,0.0
1.366171153589127,1.3206435447070912,1.0,1.0,0.0,0.03600803454648602,2.0,1.0
1.3784372602561117,1.4142135623730951,4.0,0.0,0.0,0.001868582116470231,0.0,0.0
1.3884172211480894,1.4142135623730951,-1.0,0.0,0.0,0.0007859484124645095,0.0,0.0
1.4029734556806375,1.4142135623730951,-3.0,0.0,0.0,0.03577575000151786,0.0,0.0
1.4022607665714972,1.2971052781379648,0.0,1.0,0.0,0.0007338946813849464,0.0,1.0
1.393234943802355,1.4142135623730951,5.0,0.0,0.0,0.0009785262418465952,0.0,0.0
1.3209567019389628,1.414213562373095,4.0,1.0,0.0,0.036020381561979495,4.0,1.0
1.4062615178470637,1.4142135623730951,-8.0,0.0,0.0,0.03996607716443016,0.0,0.0
1.3555679418229716,1.4142135623730951,-3.0,0.0,0.0,0.0361601310260319,0.0,0.0
1.3846037933819613,1.4142135623730951,6.0,0.0,0.0,0.0383230043122371,2.0,0.0
1.3899296460207176,1.4142135623730951,1.0,1.0,0.0,0.0009785262418465952,0.0,0.0
1.391656316913687,1.4142135623730951,5.0,0.0,0.0,0.0040627324297681025,0.0,0.0
1.3421110994822505,1.2497823180693057,8.0,1.0,0.0,0.008354674561058716,9.0,0.0
1.2512448880250282,1.2688796739447672,1.0,2.0,0.0,0.007568965310389416,12.0,0.0
1.414213562373095,1.4142135623730951,6.0,0.0,0.0,0.0013949560904831,4.0,0.0
1.2853467154222413,1.4142135623730951,-2.0,0.0,0.0,0.0007338946813849464,0.0,0.0
1.4074558424144978,1.4142135623730951,-2.0,0.0,0.0,0.0007338946813849464,0.0,1.0
1.3873434131669773,1.4142135623730951,4.0,1.0,0.0,0.036020381561979495,0.0,0.0
1.3288995827000203,1.357257908205914,-2.0,1.0,0.0,0.008789249450850406,0.0,0.0
1.348389299873303,1.1768236691941867,2.0,1.0,0.0,0.0013833996595153315,2.0,0.0
1.414213562373095,1.414213562373095,-2.0,1.0,0.0,0.035531118441056206,0.0,0.0
1.3752485000592714,1.3593921631357104,4.0,1.0,0.0,0.003103518248426286,16.0,0.0
1.3737336489836465,1.4142135623730951,2.0,0.0,0.0,0.002063919620994416,6.0,0.0
1.4075672321149701,1.4142135623730951,6.0,0.0,0.0,0.0050546185460206335,0.0,0.0
1.2872409164718561,1.414213562373095,0.0,0.0,0.0,0.0027703866144128415,12.0,1.0
1.3761234902962016,1.4142135623730951,2.0,2.0,0.0,0.0031052811438188424,6.0,0.0
1.3980429235973233,1.4142135623730951,-3.0,0.0,0.0,0.0008727046309304479,0.0,0.0
1.3661478382841197,1.2449538107763642,2.0,1.0,0.0,0.037429792368772696,6.0,0.0
1.3890305252215656,1.4142135623730951,2.0,0.0,0.0,0.0007338946813849464,0.0,0.0
1.354525408834631,1.4142135623730951,2.0,0.0,0.0,0.0021289730599902985,3.0,0.0
1.2925184054457592,1.4142135623730951,0.0,0.0,0.0,0.03600803454648602,2.0,0.0
1.3867374973336661,1.4142135623730951,2.0,0.0,0.0,0.035286486880594554,1.0,0.0
1.4070448510705797,1.414213562373095,7.0,1.0,0.0,0.0033453270898222793,4.0,0.0
1.384892754007519,1.414213562373095,1.0,0.0,0.0,0.0009785262418465952,0.0,0.0
1.403688003020438,1.414213562373095,5.0,0.0,0.0,0.037860003394638915,2.0,1.0
1.3399043151530534,1.4142135623730951,3.0,0.0,0.0,0.0355311184410562,2.0,0.0
1.312474005486186,1.3622366190550035,1.0,1.0,0.0,0.001906326250529082,2.0,0.0
1.4023438996446185,1.345727693809671,-3.0,1.0,0.0,0.0007338946813849464,0.0,1.0
1.2826276283184908,0.9021923692158,0.0,3.0,0.0,0.036409460454390634,3.0,0.0
1.407463002727315,1.4142135623730951,-3.0,0.0,0.0,0.0007338946813849464,0.0,0.0
1.4142135623730951,1.4142135623730951,5.0,0.0,0.0,0.001856538199304882,2.0,0.0
1.3439721572863228,1.4142135623730951,2.0,0.0,0.0,0.03591225714784016,2.0,0.0
1.3715014082075079,1.4142135623730951,2.0,0.0,0.0,0.0016399219467250663,2.0,0.0
1.3762878448094098,1.4142135623730951,2.0,0.0,0.0,0.035286486880594554,1.0,0.0
1.0575673769471319,1.4142135623730951,1.0,0.0,1.0,0.0027848915203529056,1.0,1.0
1.406261310116651,1.4142135623730951,4.0,0.0,0.0,0.001346512385710857,0.0,0.0
1.4061009441521697,1.414213562373095,-1.0,0.0,0.0,0.035531118441056206,0.0,1.0
1.3353155463122188,1.0923229438959718,1.0,1.0,0.0,0.0023734823323296947,12.0,0.0
1.3718233331316148,1.414213562373095,5.0,1.0,0.0,0.002235259203218783,3.0,0.0
1.3892047779526724,1.4142135623730951,6.0,0.0,0.0,0.0019350409174902431,0.0,0.0
1.372913598732738,1.4142135623730951,-2.0,0.0,0.0,0.03604283964976124,0.0,0.0
1.406458745798776,1.414213562373095,1.0,0.0,0.0,0.03793158817928088,0.0,0.0
1.4001921592620639,1.414213562373095,-7.0,0.0,0.0,0.001600425804568656,0.0,0.0
1.308906562008068,1.2280247631114196,1.0,1.0,0.0,0.0018478025752630012,6.0,1.0
1.3566635066287849,1.4142135623730951,0.0,1.0,0.0,0.03552494493330946,1.0,0.0
1.3808419020961444,1.4142135623730954,-4.0,0.0,0.0,0.0357024122053174,0.0,1.0
1.367217114565484,1.4142135623730951,7.0,0.0,0.0,0.0016239505560085821,0.0,0.0
1.3778693170980914,1.4142135623730951,-3.0,0.0,0.0,0.035286486880594554,0.0,0.0
1.4029647830761822,1.1879486648718416,3.0,1.0,0.0,0.0012908486283239736,3.0,0.0
1.410059489236574,1.414213562373095,3.0,0.0,0.0,0.0009785262418465952,0.0,0.0
1.3358254265383132,1.2201717790114786,2.0,2.0,0.0,0.0038843908818395655,6.0,0.0
1.4024105448322264,1.4142135623730951,0.0,0.0,0.0,0.0017124209232315417,0.0,1.0
1.3831455141609774,1.4142135623730951,-2.0,0.0,0.0,0.0009785262418465952,0.0,0.0
1.3516128796518276,1.3208936515434622,2.0,2.0,0.0,0.0016698307793414067,4.0,0.0
1.4095194051143285,1.4142135623730951,1.0,0.0,0.0,0.001223157802308244,0.0,0.0
1.2704254214440835,1.4142135623730951,1.0,1.0,0.0,0.002726592633129011,12.0,1.0
1.379579789222032,1.414213562373095,1.0,0.0,0.0,0.001223157802308244,0.0,0.0
1.3876139604543944,1.4142135623730951,-7.0,0.0,0.0,0.0007338946813849464,0.0,0.0
1.3436520587277403,1.414213562373095,-3.0,0.0,0.0,0.03613837402676678,0.0,1.0
1.4055637245520116,1.4142135623730951,-5.0,1.0,0.0,0.0007338946813849464,0.0,0.0
1.4142135623730951,1.4142135623730951,3.0,0.0,0.0,0.001223157802308244,0.0,0.0
1.3781181846184898,1.414213562373095,1.0,0.0,0.0,0.03650775036484982,3.0,0.0
1.372556478316497,1.4142135623730951,0.0,0.0,0.0,0.002305875408763156,6.0,0.0
1.3636400380844855,1.4142135623730951,-2.0,0.0,0.0,0.0009785262418465952,0.0,1.0
1.3618352262629392,1.3172394281392128,3.0,1.0,0.0,0.036743657841537394,3.0,0.0
1.4099603816736865,1.414213562373095,-4.0,0.0,0.0,0.0009785262418465952,0.0,0.0
1.3996098865300686,1.4142135623730951,3.0,0.0,0.0,0.0004892631209232976,0.0,1.0
1.3723460747128513,1.4142135623730951,2.0,1.0,0.0,0.005102432994470029,9.0,0.0
1.4142135623730951,1.4142135623730951,3.0,0.0,0.0,0.001868582116470231,0.0,0.0
1.407721096694303,1.414213562373095,0.0,0.0,0.0,0.0009785262418465952,0.0,0.0
1.367907114894261,1.414213562373095,1.0,0.0,0.0,0.004262878346948164,0.0,0.0
1.3911573532419979,1.4142135623730951,1.0,0.0,0.0,0.0007338946813849464,0.0,0.0
1.4008368543735903,1.4142135623730951,0.0,0.0,0.0,0.0013833996595153315,2.0,0.0
1.3285480046028075,1.4142135623730951,0.0,0.0,0.0,0.005058270463936641,12.0,0.0
1.2783148970426534,1.2201206088352943,1.0,1.0,0.0,0.03723518722937724,5.0,0.0
1.1923581473577707,1.258553817276341,0.0,1.0,0.0,0.036176542755218186,4.0,0.0
1.4142135623730951,1.4142135623730951,-4.0,0.0,0.0,0.002779478631654721,0.0,0.0
1.3765079665503335,1.3591896623644995,1.0,2.0,0.0,0.0015877010677553447,4.0,0.0
1.2960189007707554,1.4142135623730951,2.0,0.0,0.0,0.0028078399406663308,6.0,0.0
1.348991825826188,1.2161150338962063,6.0,1.0,0.0,0.0014313727266264962,4.0,1.0
1.4017655199331018,1.4142135623730951,-4.0,0.0,0.0,0.03577575000151785,0.0,1.0
1.3696468770898278,1.4142135623730951,-6.0,0.0,0.0,0.003623627540532915,0.0,0.0
1.3810741822080077,1.4142135623730951,7.0,0.0,0.0,0.0021952230523570046,4.0,0.0
1.4089586711811009,1.4142135623730951,8.0,0.0,0.0,0.035286486880594554,1.0,0.0
1.3151403752698732,1.0669853516546257,1.0,3.0,0.0,0.0017959159920735968,3.0,0.0
1.386210387089593,1.3202431872930924,1.0,1.0,0.0,0.0356203455681519,1.0,0.0
1.2516469195249522,1.4142135623730951,3.0,0.0,1.0,0.0700837106402658,0.0,1.0
1.3898558811228685,1.4142135623730951,-7.0,0.0,0.0,0.0014677893627698928,0.0,0.0
1.4017445271934266,1.414213562373095,2.0,0.0,0.0,0.0042148336236549865,5.0,1.0
1.3911991744011232,1.4142135623730951,-7.0,0.0,0.0,0.0007338946813849464,0.0,0.0
1.3009878289187524,1.3080620121775677,1.0,1.0,0.0,0.03552494493330946,1.0,0.0
1.2666286999501362,1.233566106836365,2.0,1.0,0.0,0.0025394414085381303,4.0,0.0
1.3093589097811638,1.4142135623730951,0.0,0.0,0.0,0.004483521988281646,3.0,0.0
1.176151284843803,1.3278868255751435,2.0,0.0,0.0,0.0017375216053571365,3.0,0.0
1.4043902769017955,1.4142135623730951,4.0,0.0,0.0,0.0013949560904831,4.0,0.0
1.404742475266816,1.4142135623730951,3.0,0.0,0.0,0.002666253134091184,0.0,0.0
1.36246462610387,1.4142135623730951,7.0,0.0,0.0,0.001223157802308244,0.0,0.0
1.3632696505189605,1.2391053845259152,6.0,3.0,0.0,0.0013949560904831,4.0,0.0
1.382315166120566,1.4142135623730951,1.0,0.0,0.0,0.0022675023234670555,6.0,1.0
1.2945261152828886,1.331085346029058,2.0,1.0,0.0,0.038646962337425594,3.0,0.0
1.4012299710565217,1.4142135623730951,5.0,0.0,0.0,0.0013344385554543419,0.0,0.0
1.4075609540570373,1.4142135623730951,-3.0,0.0,1.0,0.0700837106402658,0.0,0.0
1.3494157971559857,1.4142135623730951,1.0,0.0,0.0,0.003571188080658077,4.0,0.0
1.3694846755780288,1.376438532341991,1.0,1.0,0.0,0.0018478025752630012,6.0,0.0
1.380049423389805,1.4142135623730951,3.0,0.0,0.0,0.0043924884373733875,6.0,0.0
1.2892722077382084,1.4142135623730951,0.0,0.0,0.0,0.03600803454648602,2.0,0.0
1.3861470536207894,1.414213562373095,-1.0,0.0,0.0,0.0035039249346622177,0.0,0.0
1.4035937530541718,1.4142135623730951,-4.0,1.0,1.0,0.0700837106402658,0.0,0.0
1.36727118923394,1.4142135623730951,2.0,0.0,0.0,0.03552494493330946,1.0,0.0
1.4067380859931997,1.4142135623730951,-2.0,0.0,0.0,0.035531118441056206,0.0,0.0
1.4036316728979428,1.4142135623730951,-2.0,0.0,0.0,0.0007338946813849464,0.0,0.0
1.4008955962112517,1.4142135623730951,3.0,0.0,0.0,0.004717831373177063,6.0,0.0
1.3844069007605084,1.4142135623730951,-3.0,0.0,0.0,0.0007338946813849464,0.0,0.0
1.34966725183456,1.3691807091584551,-7.0,1.0,0.0,0.035286486880594554,0.0,0.0
1.3998002142543058,1.285768076254055,-9.0,1.0,0.0,0.0009785262418465952,0.0,0.0
1.3696579930496449,1.4142135623730951,-9.0,0.0,0.0,0.035286486880594554,0.0,1.0
1.3924477119876941,1.4142135623730951,-4.0,0.0,0.0,0.0007338946813849464,0.0,0.0
1.3370926433094064,1.414213562373095,3.0,1.0,0.0,0.003159932188464682,15.0,0.0
1.391841431698489,1.2539890679826506,4.0,1.0,0.0,0.0014313727266264962,4.0,0.0
1.2843788238960276,1.339609112018026,0.0,0.0,0.0,0.003718070374698789,6.0,1.0
1.2864428451139116,1.3292535048917575,1.0,1.0,1.0,0.0700837106402658,0.0,0.0
1.3547310639565553,1.2352859466440755,0.0,2.0,0.0,0.0012908486283239736,4.0,0.0
1.4019421834846493,1.414213562373095,-2.0,0.0,0.0,0.035531118441056206,0.0,1.0
1.3809370747864993,1.4142135623730951,0.0,0.0,0.0,0.003045633805533651,2.0,0.0
1.3873704167843661,1.4142135623730951,11.0,0.0,0.0,0.005658116525682204,0.0,1.0
1.403015171554233,1.2933691955628763,1.0,2.0,0.0,0.001223157802308244,0.0,0.0
1.4031766044730016,1.4142135623730951,-7.0,0.0,0.0,0.001541562149563584,0.0,0.0
1.4142135623730951,1.4142135623730951,3.0,0.0,0.0,0.007309825727720424,0.0,0.0
1.1912945293182262,1.234846731947004,0.0,1.0,0.0,0.0013887825827363616,2.0,0.0
1.366552207671309,1.4142135623730951,8.0,0.0,0.0,0.004696947572402545,2.0,0.0
1.3162880571759297,1.4142135623730951,2.0,0.0,0.0,0.0019943536384333213,4.0,1.0
1.4126127674723024,1.414213562373095,3.0,0.0,0.0,0.0013949560904831,4.0,0.0
1.3179268202497998,1.4142135623730951,1.0,0.0,0.0,0.0027334457700500542,2.0,0.0
1.4142135623730951,1.4142135623730951,2.0,0.0,0.0,0.0007338946813849464,0.0,0.0
1.3054528591124002,1.264484121918863,1.0,1.0,0.0,0.0024490752797585876,8.0,0.0
1.2025474730409353,0.7927937201327596,1.0,2.0,0.0,0.0024291457115577317,8.0,0.0
1.408879250716622,1.3863802233226228,3.0,1.0,0.0,0.001664841016051099,3.0,0.0
1.3717317994069118,1.1674125024719197,1.0,2.0,0.0,0.0026052364729972767,10.0,0.0
1.0716599176853192,0.5740298292577166,0.0,5.0,2.0,0.0021927535563943364,6.0,0.0
1.2529474009194834,1.168390635784639,1.0,2.0,0.0,0.002296260660397842,6.0,1.0
1.3750629035206137,1.4142135623730951,-1.0,0.0,0.0,0.0017355559148224586,0.0,0.0
1.3560415298092823,1.1253116463902206,4.0,2.0,3.0,0.006535848782016429,30.0,0.0
1.3534121023870083,1.3546280064733995,4.0,3.0,0.0,0.0017037742923444368,4.0,0.0
1.358540443854954,1.355604842489098,0.0,1.0,0.0,0.0013949560904831,4.0,0.0
1.4072882364217467,1.4142135623730951,-6.0,0.0,0.0,0.0007338946813849464,0.0,1.0
1.3649138051675445,0.9899788104244364,1.0,2.0,0.0,0.0034721625234857873,5.0,0.0
1.302014322083844,1.3591552158979274,1.0,0.0,0.0,0.039484017321943184,5.0,0.0
1.3914993027996434,1.4142135623730951,0.0,0.0,1.0,0.0700837106402658,0.0,0.0
1.393139782423313,1.414213562373095,-2.0,1.0,0.0,0.0018789928626861436,0.0,0.0
1.4035467918492395,1.4142135623730951,-2.0,0.0,0.0,0.035286486880594554,0.0,1.0
1.340612091838232,1.3505981100037523,4.0,1.0,0.0,0.0034505072222980613,4.0,0.0
1.2249947222176791,1.1394541597762413,0.0,4.0,1.0,0.003908048237574236,8.0,0.0
1.3477565683191375,0.8869318697587033,6.0,2.0,0.0,0.002044706307267206,2.0,0.0
1.3812946474655685,1.414213562373095,0.0,0.0,0.0,0.0017124209232315417,0.0,0.0
1.3403294878333891,1.414213562373095,0.0,0.0,0.0,0.03552494493330946,1.0,0.0
1.3654537444231343,1.4142135623730951,0.0,0.0,0.0,0.004772749848076421,0.0,0.0
1.2762443100430692,1.2886870135305366,1.0,2.0,0.0,0.03625015748214492,2.0,0.0
1.4002909692850973,1.414213562373095,2.0,0.0,0.0,0.0018521703872839414,0.0,0.0
1.399009972798732,1.4142135623730951,2.0,0.0,0.0,0.00069747804524155,1.0,0.0
1.3126862011559084,1.414213562373095,2.0,0.0,2.0,0.005569783040705811,6.0,0.0
1.405687145445407,1.4142135623730951,3.0,0.0,0.0,0.0009785262418465952,0.0,0.0
1.3446739382076047,1.414213562373095,0.0,0.0,0.0,0.001555374757075459,3.0,0.0
1.4072102629496104,1.414213562373095,2.0,0.0,0.0,0.0023008765006185426,3.0,0.0
1.4005138351968893,1.414213562373095,-3.0,0.0,0.0,0.0018859333601634184,0.0,0.0
1.3529627518291807,1.414213562373095,7.0,1.0,0.0,0.0020282555096721526,6.0,0.0
1.3333191161881193,1.381647361920766,0.0,1.0,0.0,0.001150324530021451,2.0,0.0
1.3494797055930097,1.414213562373095,0.0,0.0,0.0,0.004436475540337423,12.0,0.0
1.3327144800385882,1.4142135623730951,2.0,0.0,0.0,0.001676004287088145,5.0,0.0
1.3605372651258034,1.4142135623730951,0.0,0.0,0.0,0.002753495544822803,10.0,0.0
1.3273668407680195,1.0001221777150284,2.0,2.0,0.0,0.03552494493330946,1.0,0.0
1.4142135623730951,1.4142135623730951,0.0,2.0,0.0,0.0032206156858579187,9.0,0.0
1.3956269718674226,1.3842094888356296,1.0,1.0,0.0,0.0009785262418465952,0.0,0.0
1.3997755270742034,1.4142135623730951,-4.0,1.0,0.0,0.03605336990060885,0.0,0.0
1.3362684379772902,1.414213562373095,0.0,0.0,0.0,0.003458700184039337,1.0,0.0
1.406484095039641,1.3328938766110665,2.0,0.0,0.0,0.001223157802308244,0.0,0.0
1.275240947450782,1.1922148290579213,0.0,0.0,0.0,0.0054611558761927335,6.0,1.0
1.3140819872740128,1.2864548073786397,0.0,1.0,0.0,0.03793158817928087,3.0,1.0
1.4142135623730951,1.4142135623730951,0.0,0.0,0.0,0.0014677893627698928,0.0,0.0
1.3943775678392507,1.414213562373095,2.0,0.0,0.0,0.001047931216619346,0.0,0.0
1.3921338704999453,1.4142135623730951,0.0,0.0,0.0,0.0004892631209232976,0.0,0.0
1.3339000777393746,1.0419218808644655,1.0,2.0,0.0,0.036491124159662575,3.0,0.0
1.3500551824946534,1.414213562373095,3.0,0.0,0.0,0.03600803454648602,2.0,0.0
1.2381844425713011,1.300943553201541,1.0,1.0,0.0,0.0011805676584181093,2.0,0.0
1.407102314057751,1.374129135738516,5.0,1.0,0.0,0.003589958650283928,6.0,0.0
1.4031676917480564,1.4142135623730951,-8.0,0.0,0.0,0.0013140317035179687,0.0,0.0
1.3964872621199094,1.4142135623730951,-3.0,0.0,0.0,0.03766037860513845,0.0,0.0
1.296661597947075,1.3000751014672263,0.0,3.0,0.0,0.0019519100374221269,6.0,0.0
1.3318858661687938,1.414213562373095,7.0,0.0,0.0,0.00474627105845285,10.0,0.0
1.4095055013749644,1.4142135623730951,4.0,0.0,0.0,0.0009785262418465952,0.0,0.0
1.3853776394760684,1.4142135623730951,1.0,0.0,0.0,0.0026281658925371614,0.0,0.0
1.4118819611627444,1.414213562373095,1.0,0.0,0.0,0.001539848000806563,0.0,0.0
1.3968068733733723,1.414213562373095,-1.0,0.0,0.0,0.0007338946813849464,0.0,0.0
1.4086495479613599,1.414213562373095,-3.0,0.0,0.0,0.035531118441056206,0.0,0.0
1.2323497237425036,1.4142135623730951,3.0,0.0,0.0,0.035286486880594554,1.0,1.0
1.2103205307713858,1.0835269031135142,1.0,1.0,0.0,0.0029316859496190057,6.0,0.0
1.309890314657377,1.3347092914416214,7.0,1.0,0.0,0.03601420805423276,5.0,0.0
1.3974129137849132,1.414213562373095,0.0,0.0,1.0,0.0700837106402658,0.0,0.0
1.3931298168350381,1.4142135623730951,-10.0,0.0,0.0,0.0007338946813849464,0.0,0.0
1.3307304806262195,1.3307439322704029,1.0,1.0,0.0,0.0013949560904831,4.0,0.0
1.397646445294611,1.4142135623730951,1.0,0.0,0.0,0.035286486880594554,1.0,0.0
1.3891055694545846,1.414213562373095,2.0,1.0,0.0,0.006290590430913937,16.0,0.0
1.32627270641941,1.4142135623730951,0.0,0.0,0.0,0.036775776364557616,1.0,0.0
1.3337806708176578,0.8507120544903591,4.0,2.0,0.0,0.004965814925749618,15.0,0.0
1.1982492386166217,1.414213562373095,0.0,3.0,0.0,0.0018780457036596588,6.0,0.0
1.3763016295454482,1.414213562373095,1.0,1.0,0.0,0.0016083973635216062,2.0,0.0
1.3715380423819608,1.414213562373095,0.0,0.0,0.0,0.0010479312166193462,3.0,0.0
1.4123470875706838,1.4142135623730951,0.0,0.0,0.0,0.03577575000151786,0.0,0.0
1.2777933268539972,1.3747013219676112,0.0,0.0,0.0,0.03699672917666234,4.0,1.0
1.4142135623730951,1.3711216694696629,4.0,1.0,0.0,0.035286486880594554,0.0,0.0
1.3948642893470093,1.3832853868532473,-5.0,1.0,0.0,0.03601420805423276,0.0,1.0
1.4107809536007776,1.414213562373095,-2.0,0.0,0.0,0.0010462170678623248,0.0,0.0
1.3644065960358518,1.4142135623730951,-2.0,0.0,0.0,0.0009785262418465952,0.0,1.0
1.414213562373095,1.414213562373095,3.0,0.0,0.0,0.0014677893627698928,0.0,0.0
1.3130255491042124,1.4142135623730951,0.0,0.0,0.0,0.0031996496481513214,15.0,0.0
1.2956098196158574,1.361618089296588,0.0,1.0,0.0,0.0027848915203529056,0.0,1.0
1.4020456557726144,1.4142135623730951,1.0,0.0,0.0,0.006633411273087384,0.0,0.0
1.3577585992523513,1.414213562373095,3.0,0.0,0.0,0.002736045914596731,8.0,0.0
0.9760103960028333,0.9421137699565314,1.0,2.0,3.0,0.015241559759347538,15.0,1.0
1.322348330113394,1.377209305704577,4.0,0.0,0.0,0.037182428697157384,9.0,1.0
1.4079966080578836,1.414213562373095,1.0,0.0,1.0,0.0700837106402658,0.0,0.0
1.392610303013117,1.4142135623730951,-1.0,0.0,0.0,0.0016150615843214236,0.0,0.0
1.3434132449522598,1.4142135623730951,4.0,0.0,0.0,0.0032234391869299084,6.0,0.0
1.1897952675380523,1.3533983004335681,0.0,1.0,1.0,0.0700837106402658,0.0,0.0
1.0594932112133897,1.4142135623730951,2.0,0.0,1.0,0.0015554506183493304,2.0,0.0
1.408956338595962,1.4142135623730951,-2.0,0.0,0.0,0.0008380021435440726,0.0,0.0
1.3994401187589567,1.414213562373095,-1.0,0.0,0.0,0.0004892631209232976,0.0,1.0
1.4107917606419689,1.4142135623730951,6.0,2.0,0.0,0.0016378735021877276,0.0,0.0
1.397143157703337,1.4142135623730951,8.0,0.0,0.0,0.004643827597118317,0.0,0.0
1.3880747918113387,1.2012776064884512,0.0,1.0,0.0,0.002334783749190968,3.0,0.0
1.2672270916033752,1.4142135623730951,4.0,0.0,0.0,0.002545280620504551,12.0,0.0
1.3488161551672906,1.4142135623730951,1.0,1.0,0.0,0.0355311184410562,2.0,0.0
1.3546763122983263,1.4142135623730951,-1.0,0.0,0.0,0.0019005198486083713,0.0,0.0
1.3577345018470581,1.4142135623730951,3.0,0.0,0.0,0.0018575440359364871,4.0,0.0
1.3998805606774996,1.4142135623730951,-7.0,0.0,0.0,0.0027289816831317973,0.0,1.0
1.382797033376551,1.2290381675182933,0.0,1.0,0.0,0.0009785262418465952,0.0,0.0
1.2946791593591442,1.1126886058071583,2.0,2.0,1.0,0.0700837106402658,0.0,0.0
1.4091820135073487,1.4142135623730951,-4.0,0.0,0.0,0.0014677893627698928,0.0,0.0
1.3776521248246496,1.4142135623730951,-8.0,1.0,0.0,0.0014677893627698928,0.0,0.0
1.4142135623730951,1.4142135623730951,-5.0,0.0,0.0,0.0016974732135251192,0.0,0.0
1.3780410973956077,1.4142135623730951,-4.0,0.0,0.0,0.004648238161330217,0.0,0.0
1.3954946170955667,1.4142135623730951,-8.0,0.0,0.0,0.0007338946813849464,0.0,0.0
1.256113668612441,1.1660814558122514,1.0,2.0,0.0,0.002383037751244602,12.0,0.0
1.3848242888729145,1.320768837955273,0.0,1.0,0.0,0.0033133279935363092,12.0,0.0
1.233274599713696,1.1731448772167155,3.0,1.0,0.0,0.0024095172473343135,4.0,0.0
1.414213562373095,1.4142135623730951,3.0,0.0,0.0,0.0004892631209232976,0.0,0.0
1.3145435158718144,1.1541792067370082,1.0,1.0,0.0,0.001150324530021451,2.0,1.0
1.4142135623730951,1.4142135623730951,0.0,0.0,0.0,0.001223157802308244,0.0,1.0
1.4077166848408293,1.4142135623730951,5.0,0.0,0.0,0.001223157802308244,0.0,0.0
1.3836516452673646,1.414213562373095,0.0,1.0,0.0,0.03933207248384808,3.0,1.0
1.4050997400544167,1.414213562373095,0.0,1.0,0.0,0.006681724417864196,16.0,0.0
1.3359439711518144,1.3800421213812266,1.0,0.0,0.0,0.042779747147936205,2.0,1.0
1.4012548345346771,1.4142135623730951,1.0,0.0,0.0,0.0019886609693458416,3.0,0.0
1.4098315689563794,1.4142135623730951,4.0,0.0,0.0,0.038420851300204166,0.0,0.0
1.4008686734791198,1.2704119647647047,3.0,1.0,0.0,0.0011348545829754433,2.0,0.0
1.4142135623730951,1.4142135623730951,5.0,0.0,0.0,0.0007338946813849464,0.0,1.0
1.2286922216011846,1.4142135623730951,1.0,0.0,0.0,0.004367226234012352,12.0,0.0
1.3749178460310247,1.3258122500011604,5.0,3.0,0.0,0.0028106732028010464,4.0,0.0
1.3501563398362662,1.3617290828399502,0.0,1.0,0.0,0.001811135327986501,4.0,0.0
1.3904464576256932,1.4142135623730951,0.0,1.0,0.0,0.03589374246630512,2.0,0.0
1.369475909386458,1.4142135623730951,2.0,1.0,0.0,0.006412546537347136,2.0,0.0
1.4071208803056658,1.4142135623730951,-5.0,0.0,0.0,0.037686956618819226,0.0,0.0
1.3139402873237238,1.4142135623730951,-5.0,0.0,0.0,0.005304289742091638,0.0,0.0
1.3794617031503793,1.414213562373095,3.0,0.0,0.0,0.001150324530021451,2.0,0.0
1.1845071722708782,1.2888645655104058,1.0,2.0,0.0,0.035286486880594554,1.0,0.0
1.4142135623730951,1.4142135623730951,0.0,0.0,0.0,0.001223157802308244,0.0,0.0
1.4129254478458302,1.4142135623730951,3.0,0.0,0.0,0.03842740606888617,2.0,1.0
1.3380105135506042,1.4142135623730951,3.0,0.0,0.0,0.03552494493330946,1.0,0.0
1.414213562373095,1.4142135623730951,1.0,0.0,0.0,0.0008171806511122473,2.0,0.0
1.401827834377331,1.4142135623730951,1.0,0.0,0.0,0.002028200537041769,2.0,0.0
1.4142135623730951,1.4142135623730951,-5.0,0.0,0.0,0.0355311184410562,0.0,0.0
1.3610770302316155,1.3883449206508922,2.0,1.0,0.0,0.0085134294940519,6.0,1.0
1.3155414384439184,1.414213562373095,1.0,0.0,0.0,0.0016395876509447487,6.0,1.0
1.3005818783024743,1.414213562373095,1.0,0.0,0.0,0.03765213895682646,2.0,1.0
1.3989419340693459,1.414213562373095,1.0,0.0,0.0,0.0004892631209232976,0.0,0.0
1.3853538583009224,1.4142135623730951,-7.0,0.0,0.0,0.0010594093758986415,0.0,0.0
1.375586062206395,1.4142135623730951,1.0,0.0,0.0,0.0016031710148013522,3.0,0.0
1.2189039270662156,1.0515067720910807,1.0,4.0,0.0,0.0013949560904831,4.0,1.0
1.3028420443754734,1.2392479269795782,5.0,1.0,0.0,0.03724185414534953,2.0,0.0
1.4078714217711146,1.4142135623730951,1.0,0.0,0.0,0.0014677893627698928,0.0,0.0
1.4119677705023643,1.4142135623730951,6.0,0.0,0.0,0.001223157802308244,0.0,0.0
1.3905209449542686,1.414213562373095,-9.0,0.0,0.0,0.0009785262418465952,0.0,0.0
1.281438014744263,1.4142135623730951,1.0,0.0,0.0,0.0041287109981130955,8.0,0.0
1.4061563002552526,1.4142135623730951,-4.0,0.0,0.0,0.038420851300204166,0.0,0.0
1.4142135623730951,1.4142135623730951,2.0,0.0,3.0,0.008354674561058715,15.0,0.0
1.4142135623730951,1.4142135623730951,1.0,0.0,0.0,0.0355311184410562,0.0,0.0
1.4142135623730951,1.414213562373095,-1.0,0.0,0.0,0.0007338946813849464,0.0,1.0
1.362201906073239,1.3238127443222565,0.0,1.0,0.0,0.001026584807738459,2.0,0.0
1.3299968282175454,1.4142135623730951,1.0,0.0,0.0,0.004088580567392086,4.0,1.0
1.2890912136424826,1.2653578323161376,0.0,1.0,0.0,0.0034395397953086134,7.0,0.0
1.3604410982754742,1.1895049291104358,0.0,1.0,0.0,0.001728559461838185,2.0,0.0
1.3832008611632558,1.414213562373095,1.0,0.0,0.0,0.036454276374597014,3.0,0.0
1.4054061363795667,1.4142135623730951,3.0,0.0,0.0,0.0036174540327861765,0.0,0.0
1.373177831163349,1.4142135623730951,5.0,0.0,1.0,0.0038634478021205435,8.0,1.0
1.4142135623730951,1.4142135623730951,0.0,0.0,0.0,0.0007338946813849464,0.0,0.0
1.2750050988118928,1.281370548042758,0.0,0.0,0.0,0.036395203423764726,3.0,0.0
1.4114175862333427,1.4142135623730951,3.0,0.0,0.0,0.0004892631209232976,0.0,0.0
1.3952874333071936,1.4142135623730951,0.0,0.0,0.0,0.03749541291490894,3.0,0.0
1.3914876882146956,1.4142135623730951,1.0,1.0,0.0,0.03577575000151785,3.0,0.0
1.4090292276213408,1.414213562373095,1.0,0.0,0.0,0.003134364419609617,0.0,0.0
1.3969203322758486,1.4142135623730951,10.0,0.0,0.0,0.0019570524836931905,0.0,0.0
1.3472144927731664,1.2737233816565998,2.0,3.0,0.0,0.0029271169715661665,3.0,1.0
1.3769387174862529,1.260591204765847,1.0,1.0,0.0,0.002198378034763049,3.0,0.0
1.2852343604830088,1.4142135623730951,4.0,0.0,0.0,0.0016395876509447487,6.0,0.0
1.3722335946989543,1.350426952897077,1.0,3.0,0.0,0.013015716625006956,4.0,1.0
1.414213562373095,1.4142135623730951,1.0,1.0,1.0,0.0700837106402658,0.0,0.0
1.4065156999681827,1.4142135623730951,1.0,0.0,0.0,0.0016995435034374744,3.0,0.0
1.410507772087674,1.4142135623730951,1.0,0.0,0.0,0.0007338946813849464,0.0,0.0
1.414213562373095,1.4142135623730951,-10.0,0.0,0.0,0.0007338946813849464,0.0,0.0
1.3446983113935833,1.4142135623730951,1.0,1.0,0.0,0.005000039681067924,12.0,0.0
1.374270289540627,1.2435430928057785,6.0,1.0,0.0,0.0015354801887856226,6.0,0.0
1.3902864298498372,1.4142135623730951,-1.0,0.0,0.0,0.001223157802308244,0.0,0.0
1.4112268198663627,1.4142135623730951,8.0,0.0,0.0,0.0009785262418465952,0.0,0.0
1.388118380044275,1.4142135623730951,-1.0,0.0,0.0,0.0009785262418465952,0.0,0.0
1.3850729173524086,1.1710507474467418,-7.0,2.0,0.0,0.0004892631209232976,0.0,0.0
1.3813983347785344,1.3111292208853724,-5.0,1.0,0.0,0.03577575000151785,0.0,0.0
1.4105457468910028,1.414213562373095,3.0,0.0,0.0,0.001223157802308244,0.0,0.0
1.4142135623730951,1.4142135623730951,0.0,0.0,0.0,0.004911231961914304,0.0,0.0
1.4089527299185889,1.4142135623730951,8.0,0.0,0.0,0.001223157802308244,0.0,0.0
1.2284146463280534,1.3581700242414787,2.0,2.0,0.0,0.0355311184410562,2.0,0.0
1.3742685351182986,1.4142135623730951,0.0,0.0,0.0,0.0031513483292456373,3.0,0.0
1.3225950128617563,1.3043196731651276,1.0,1.0,0.0,0.0014313727266264962,4.0,0.0
1.414213562373095,1.4142135623730951,-10.0,0.0,0.0,0.0022712780093081942,0.0,0.0
1.192573720677514,1.4142135623730951,1.0,0.0,1.0,0.0012778307192583274,2.0,0.0
1.399890300711755,1.4142135623730951,-8.0,0.0,0.0,0.03602038156197951,0.0,0.0
1.4057756600376055,1.414213562373095,-1.0,0.0,0.0,0.0009785262418465952,0.0,0.0
1.3367749941019473,1.414213562373095,1.0,1.0,0.0,0.003301989741898016,10.0,0.0
1.353091740203705,1.4142135623730951,4.0,0.0,0.0,0.035286486880594554,0.0,0.0
1.382822174327726,1.414213562373095,1.0,0.0,0.0,0.001150324530021451,2.0,1.0
1.3317300636683371,1.4142135623730951,2.0,0.0,0.0,0.004823472142760583,15.0,0.0
1.4142135623730951,1.4142135623730951,-4.0,0.0,0.0,0.0007277211736382082,0.0,0.0
1.3876137300272098,1.4142135623730951,3.0,0.0,0.0,0.0012803052039244657,0.0,1.0
1.394506065870456,1.4142135623730951,5.0,0.0,0.0,0.002595297896498464,0.0,0.0
1.3761613002616302,1.414213562373095,3.0,0.0,0.0,0.0018842192114063975,8.0,0.0
1.3956305178671573,1.4142135623730951,7.0,0.0,0.0,0.0053825532461583255,0.0,0.0
1.4142135623730951,1.4142135623730951,2.0,0.0,0.0,0.0032902653659952997,4.0,0.0
1.3314171522541551,1.4142135623730951,6.0,0.0,0.0,0.005936697168794016,9.0,1.0
1.3593260245106935,1.334642326189642,0.0,1.0,1.0,0.0017053832117429031,4.0,0.0
1.3124811821053441,1.324305485075535,2.0,1.0,0.0,0.0011867411661648473,3.0,1.0
1.2274008813111468,1.3627677592043748,10.0,2.0,0.0,0.0009421096057031988,2.0,0.0
1.390567110174167,1.4142135623730951,2.0,0.0,0.0,0.0032265728750671217,8.0,0.0
1.3400320021516259,1.1511142470918814,0.0,1.0,0.0,0.037543484307899055,4.0,0.0
1.3071348941575336,1.4142135623730951,2.0,0.0,0.0,0.0030162609046991487,3.0,0.0
1.4058871896650835,1.4142135623730951,-6.0,0.0,0.0,0.0011094989049385633,0.0,0.0
1.3920460672967685,1.3533092067257577,2.0,0.0,0.0,0.0007338946813849464,0.0,0.0
0.9920928855272605,0.9166318379373167,1.0,2.0,0.0,0.002606420741783969,9.0,1.0
1.363635490541428,1.4142135623730951,3.0,0.0,0.0,0.004266144999682978,3.0,0.0
1.2883304994205653,1.1700576750775533,2.0,2.0,0.0,0.0018478025752630012,6.0,0.0
1.2631779481637433,1.414213562373095,1.0,2.0,0.0,0.004590318463078901,12.0,0.0
1.334410854282097,1.3534742225305827,1.0,0.0,0.0,0.002962539302149091,15.0,0.0
1.406452004802185,1.4142135623730951,-5.0,0.0,0.0,0.0007338946813849464,0.0,0.0
1.4050049000437819,1.4142135623730951,-10.0,0.0,0.0,0.0025570755646292694,0.0,0.0
1.2025707045731602,1.227740452433846,1.0,2.0,0.0,0.004367974919358369,15.0,0.0
1.3107372941065973,1.4142135623730951,2.0,1.0,0.0,0.0018478025752630012,6.0,1.0
1.383120288044712,1.414213562373095,-5.0,0.0,0.0,0.001223157802308244,0.0,0.0
1.3844379685638337,1.4142135623730951,7.0,0.0,1.0,0.0700837106402658,0.0,1.0
1.3247366067451358,1.414213562373095,1.0,0.0,0.0,0.0010829679997860393,1.0,0.0
1.3316734366072065,1.2613872743807089,4.0,2.0,0.0,0.0009421096057031988,2.0,0.0
1.3948852377729464,1.4142135623730951,0.0,0.0,0.0,0.0007338946813849464,0.0,0.0
1.371236652941306,1.4142135623730951,0.0,0.0,0.0,0.003857462625983376,5.0,0.0
1.4092870780550995,1.414213562373095,8.0,0.0,0.0,0.0007338946813849464,0.0,1.0
1.3908341327522091,1.4142135623730951,6.0,0.0,0.0,0.0024441369774527294,0.0,1.0
1.3579384059786033,1.4142135623730951,-7.0,1.0,0.0,0.035286486880594554,0.0,0.0
1.3973364278776708,1.0695677352990176,0.0,2.0,0.0,0.00619686814647296,20.0,0.0
1.4101716658033578,1.414213562373095,7.0,0.0,0.0,0.004193577594390129,3.0,0.0
1.3230358462023628,1.3813378254013875,0.0,1.0,0.0,0.0015165285166232338,2.0,1.0
1.239537513246517,1.3309604883717527,2.0,1.0,0.0,0.0009421096057031988,2.0,0.0
1.399511316802849,1.4142135623730951,-4.0,1.0,0.0,0.0027045890814882904,0.0,0.0
1.3384781229369682,1.276319505161377,0.0,2.0,0.0,0.0011227953336220473,2.0,0.0
1.297270992408508,1.3284709627839624,2.0,2.0,1.0,0.0700837106402658,0.0,0.0
1.2935821744460787,1.2324307410875017,0.0,1.0,0.0,0.0018205452718845993,6.0,1.0
1.3948119420697613,1.4142135623730951,-2.0,1.0,0.0,0.0039010890416774258,0.0,0.0
1.4142135623730951,1.4142135623730951,1.0,0.0,0.0,0.0004892631209232976,0.0,1.0
1.4000213078199084,1.4142135623730951,9.0,0.0,0.0,0.0009785262418465952,0.0,0.0
1.397952750329768,1.3586449291384914,-1.0,1.0,0.0,0.001223157802308244,0.0,0.0
1.1852933168381683,1.4142135623730951,4.0,0.0,0.0,0.03600803454648602,2.0,0.0
1.4032368389055287,1.4142135623730951,-1.0,0.0,0.0,0.000986428363259758,0.0,0.0
1.3506181101657686,1.359635969833287,3.0,1.0,0.0,0.0356423991942023,2.0,0.0
1.3692172740012423,1.4142135623730951,5.0,0.0,0.0,0.0009785262418465952,0.0,0.0
1.3805859977397006,1.414213562373095,1.0,0.0,0.0,0.0009421096057031988,2.0,0.0
1.4102257048979712,1.4142135623730951,-1.0,0.0,0.0,0.035286486880594554,0.0,0.0
1.4107761370692022,1.4142135623730951,-2.0,0.0,0.0,0.03630864483205317,0.0,0.0
1.4099260767444113,1.414213562373095,0.0,0.0,1.0,0.0700837106402658,0.0,0.0
1.3840089521878745,1.414213562373095,-3.0,0.0,0.0,0.0007338946813849464,0.0,0.0
1.1477335203958776,1.3787993253779882,1.0,2.0,2.0,0.0014837803838313713,6.0,1.0
1.4142135623730951,1.4142135623730951,6.0,0.0,0.0,0.0004892631209232976,0.0,0.0
1.3745309228633547,1.2909138889186895,3.0,1.0,0.0,0.03694670275559614,5.0,0.0
1.3647664064338993,1.2420598905781286,1.0,1.0,0.0,0.03591455995106335,3.0,0.0
1.370890479639044,1.4142135623730951,1.0,0.0,0.0,0.006268296232894762,12.0,0.0
1.372523093252658,1.3278555767276359,1.0,1.0,0.0,0.035286486880594554,1.0,0.0
1.3831762358072195,1.4142135623730951,2.0,0.0,0.0,0.002510391010610005,3.0,0.0
1.3648140524714363,1.298370080681337,1.0,3.0,0.0,0.003917871141754777,8.0,0.0
1.4109421056937215,1.4142135623730951,-1.0,0.0,0.0,0.035531118441056206,0.0,0.0
1.284470044973233,1.4142135623730951,2.0,2.0,0.0,0.003113229308789145,2.0,0.0
1.3483765021828809,1.4142135623730951,5.0,0.0,0.0,0.0018280883124665024,4.0,0.0
1.1791918631738838,0.8366368561885417,1.0,3.0,0.0,0.035286486880594554,1.0,0.0
1.3930007185947062,1.4142135623730951,5.0,0.0,0.0,0.003378995980071266,0.0,0.0
